Rk,Player,Pos,Age,Tm,G,MP,PER,TS%,eFG%,FTr,3PAr,ORB%,DRB%,TRB%,AST%,STL%,BLK%,TOV%,USG%,ORtg,DRtg,OWS,DWS,WS,WS/48
1,Alex Acker,SG,26,TOT,25,199,10.4,.448,.441,.132,.263,4.5,9.6,7.0,10.2,1.3,1.5,8.0,20.1,94,114,-0.1,0.1,0.0,-0.011
1,Alex Acker,SG,26,DET,7,20,16.0,.379,.364,.182,.364,0.0,12.0,5.9,9.1,5.5,3.9,0.0,28.3,86,98,0.0,0.0,0.0,.009
1,Alex Acker,SG,26,LAC,18,179,9.8,.460,.454,.123,.246,5.0,9.3,7.1,10.3,0.9,1.2,9.3,19.2,95,115,-0.1,0.0,0.0,-0.013
2,Hassan Adams,SG,24,TOR,12,52,0.4,.352,.308,.462,.000,2.3,13.4,7.9,2.8,1.0,1.5,20.4,17.4,63,111,-0.2,0.0,-0.2,-0.144
3,Arron Afflalo,SG,23,DET,74,1234,8.9,.548,.508,.237,.357,2.8,10.1,6.4,5.5,1.3,0.8,11.5,14.5,107,110,0.8,1.0,1.8,.069
4,Maurice Ager,SG,24,NJN,20,97,2.2,.365,.349,.186,.140,3.6,8.7,6.1,5.3,0.6,1.7,7.9,24.4,77,115,-0.3,0.0,-0.3,-0.133
5,Blake Ahearn,PG,24,SAS,3,19,12.9,.581,.500,.333,.667,0.0,6.2,3.1,16.0,2.9,0.0,12.7,20.1,113,104,0.0,0.0,0.1,.149
6,Alexis Ajinca,PF,20,CHA,31,182,7.0,.430,.362,.406,.029,6.2,14.2,10.2,2.8,2.1,2.7,12.9,24.2,86,104,-0.3,0.3,-0.1,-0.018
7,LaMarcus Aldridge,PF,23,POR,81,3004,19.1,.529,.486,.269,.023,9.5,15.6,12.5,9.3,1.4,2.0,8.0,23.7,115,108,6.1,3.3,9.5,.151
8,Joe Alexander,SF,22,MIL,59,716,10.1,.494,.449,.339,.188,6.9,12.3,9.5,9.5,1.1,3.4,15.6,20.9,96,108,-0.3,0.7,0.4,.030
9,Malik Allen,PF,30,MIL,49,579,7.3,.435,.429,.124,.006,6.8,14.5,10.5,9.5,0.6,1.7,10.0,15.4,96,110,-0.2,0.5,0.3,.024
10,Ray Allen,SG,33,BOS,79,2876,17.3,.624,.575,.239,.467,2.9,8.6,5.9,12.6,1.3,0.4,10.4,20.8,122,106,7.4,3.7,11.1,.186
11,Tony Allen,SG,27,BOS,46,887,12.9,.541,.493,.384,.095,3.2,10.7,7.1,12.0,3.2,2.1,18.8,21.5,98,100,-0.2,1.8,1.6,.085
12,Morris Almond,SG,23,UTA,25,255,7.3,.498,.438,.321,.210,4.2,12.6,8.4,4.2,0.8,1.2,14.8,19.1,94,110,-0.1,0.2,0.1,.010
13,Rafer Alston,PG,32,TOT,77,2447,13.8,.494,.454,.254,.404,1.6,8.8,5.3,27.0,2.3,0.3,13.3,19.9,105,104,1.7,3.7,5.3,.104
13,Rafer Alston,PG,32,HOU,48,1591,12.8,.484,.446,.209,.441,1.9,8.4,5.3,25.9,1.9,0.3,13.4,19.2,104,106,0.9,2.1,2.9,.088
13,Rafer Alston,PG,32,ORL,29,856,15.6,.509,.466,.332,.339,1.1,9.6,5.5,28.9,3.1,0.3,13.2,21.2,107,101,0.8,1.6,2.4,.135
14,Louis Amundson,PF,26,PHO,76,1044,13.3,.530,.536,.480,.004,14.9,15.3,15.1,3.7,1.5,4.6,15.6,15.1,108,109,0.8,1.0,1.8,.082
15,Chris Andersen,C,30,DEN,71,1460,18.1,.608,.551,.620,.034,13.4,21.6,17.6,3.2,1.4,9.3,15.7,13.4,120,101,2.5,2.8,5.4,.176
16,Ryan Anderson,PF,20,NJN,66,1312,13.6,.532,.478,.285,.464,9.3,19.0,14.1,6.4,1.8,1.2,12.1,18.6,108,109,1.3,1.2,2.5,.090
17,Carmelo Anthony,SF,24,DEN,66,2277,19.0,.532,.469,.388,.141,5.6,17.0,11.5,18.1,1.7,0.8,12.3,31.5,105,107,2.4,2.6,5.0,.105
18,Joel Anthony,C,26,MIA,65,1048,9.3,.521,.483,.390,.000,10.1,12.4,11.2,3.7,1.0,7.2,22.9,8.0,106,106,0.4,1.4,1.7,.079
19,Gilbert Arenas,PG,27,WAS,2,63,18.9,.433,.304,.696,.304,1.8,15.3,8.4,47.8,0.0,1.3,3.2,22.4,116,117,0.2,0.0,0.2,.115
20,Trevor Ariza,SF,23,LAL,82,1999,15.5,.544,.511,.284,.320,6.4,13.4,10.0,10.4,3.5,0.9,11.5,16.6,112,102,2.5,3.5,6.1,.146
Rk,Player,Pos,Age,Tm,G,MP,PER,TS%,eFG%,FTr,3PAr,ORB%,DRB%,TRB%,AST%,STL%,BLK%,TOV%,USG%,ORtg,DRtg,OWS,DWS,WS,WS/48
21,Hilton Armstrong,C,24,NOH,70,1092,10.7,.585,.561,.398,.008,9.0,12.6,10.8,4.4,1.3,3.5,21.7,16.3,102,107,0.2,1.3,1.5,.068
22,Darrell Arthur,PF,20,MEM,76,1464,11.3,.456,.438,.138,.005,8.9,20.3,14.5,5.0,1.9,2.9,9.2,16.3,99,107,-0.1,1.8,1.7,.055
23,Chucky Atkins,PG,34,TOT,33,412,6.2,.408,.367,.142,.504,1.4,5.3,3.4,20.9,1.2,0.4,16.1,15.4,91,113,-0.3,0.2,-0.2,-0.018
23,Chucky Atkins,PG,34,DEN,14,115,8.9,.469,.426,.148,.630,0.0,5.9,3.0,34.9,0.9,0.7,25.8,15.0,99,113,0.0,0.1,0.0,.019
23,Chucky Atkins,PG,34,OKC,19,297,5.1,.389,.349,.140,.465,1.9,5.1,3.5,15.5,1.4,0.2,12.5,15.5,88,113,-0.3,0.1,-0.2,-0.032
24,D.J. Augustin,PG,21,CHA,72,1908,14.9,.587,.517,.375,.396,1.1,7.5,4.3,22.6,1.2,0.1,14.1,20.8,115,110,3.6,1.5,5.1,.128
25,Kelenna Azubuike,SF,25,GSW,74,2375,14.7,.562,.520,.271,.249,5.1,11.8,8.5,7.6,1.2,1.5,9.1,18.7,114,115,3.6,0.5,4.1,.083
26,Renaldo Balkman,PF,24,DEN,53,780,16.8,.585,.563,.330,.036,13.2,16.9,15.1,6.9,3.1,2.3,13.4,14.9,118,103,1.3,1.3,2.6,.162
27,Marcus Banks,PG,27,TOT,22,206,7.8,.431,.395,.316,.333,0.6,9.9,5.2,20.6,2.8,0.8,17.7,17.9,88,108,-0.3,0.2,0.0,-0.008
27,Marcus Banks,PG,27,MIA,16,166,8.7,.461,.410,.385,.359,0.0,10.9,5.4,19.8,3.2,1.0,19.4,16.0,91,106,-0.1,0.2,0.1,.023
27,Marcus Banks,PG,27,TOR,6,40,4.0,.362,.361,.167,.278,3.0,5.8,4.4,24.2,1.3,0.0,13.4,25.7,79,114,-0.1,0.0,-0.1,-0.139
28,Leandro Barbosa,SG,26,PHO,70,1705,19.4,.588,.542,.256,.316,2.4,9.7,6.2,14.9,2.4,0.3,9.9,24.2,117,112,4.0,1.0,5.0,.141
29,Jose Barea,SG,24,DAL,79,1600,13.4,.516,.491,.167,.276,2.6,10.0,6.4,26.4,1.2,0.2,14.9,20.2,106,112,1.2,1.0,2.2,.066
30,Andrea Bargnani,PF,23,TOR,78,2453,14.6,.559,.512,.278,.304,3.4,16.4,10.0,6.4,0.7,3.1,11.2,22.7,105,110,1.8,2.0,3.9,.076
31,Matt Barnes,PF,28,PHO,77,2082,12.6,.537,.510,.202,.506,4.6,18.5,11.8,14.2,1.2,0.9,15.0,18.3,107,111,1.6,1.4,3.0,.069
32,Brent Barry,SG,37,HOU,56,857,9.2,.575,.549,.116,.762,2.4,10.1,6.4,13.7,1.5,0.3,21.0,12.4,106,107,0.4,1.1,1.5,.082
33,Brandon Bass,C,23,DAL,81,1574,16.4,.571,.496,.413,.012,9.5,17.2,13.4,4.3,0.9,2.6,12.5,20.0,113,108,2.5,1.6,4.1,.124
34,Maceo Baston,PF,33,IND,27,217,12.3,.579,.543,.587,.022,11.1,15.4,13.2,4.6,1.4,3.4,17.2,14.0,112,108,0.2,0.2,0.5,.105
35,Tony Battie,PF,32,ORL,77,1202,11.9,.518,.492,.254,.028,8.9,17.0,13.0,4.2,1.1,1.5,11.4,15.6,106,102,0.7,2.1,2.8,.113
36,Shane Battier,SG,30,HOU,60,2031,10.7,.568,.538,.189,.669,3.1,12.9,8.2,10.0,1.3,1.9,11.3,9.9,118,105,2.3,2.9,5.2,.123
37,Nicolas Batum,SF,20,POR,79,1454,12.9,.555,.532,.144,.465,7.0,11.8,9.4,7.8,1.9,2.2,11.5,14.0,117,107,2.1,1.6,3.7,.123
38,Jerryd Bayless,PG,20,POR,53,655,8.2,.487,.384,.545,.143,1.5,9.4,5.4,18.2,1.4,0.2,19.3,20.9,97,111,-0.2,0.5,0.3,.019
39,Michael Beasley,PF,20,MIA,81,2009,17.2,.528,.490,.252,.085,6.5,19.8,13.1,7.7,1.1,1.5,10.2,27.7,103,108,1.2,2.2,3.4,.081
40,Marco Belinelli,SG,22,GSW,42,882,11.8,.547,.524,.164,.413,1.2,7.5,4.4,15.3,2.0,0.1,14.8,19.3,104,116,0.4,0.1,0.5,.028
Rk,Player,Pos,Age,Tm,G,MP,PER,TS%,eFG%,FTr,3PAr,ORB%,DRB%,TRB%,AST%,STL%,BLK%,TOV%,USG%,ORtg,DRtg,OWS,DWS,WS,WS/48
41,Charlie Bell,SG,29,MIL,70,1783,9.8,.525,.497,.153,.458,2.0,7.1,4.4,13.3,1.5,0.3,12.0,16.0,105,111,0.9,1.2,2.2,.059
42,Raja Bell,SG,32,TOT,67,2315,10.7,.548,.520,.149,.396,2.2,10.5,6.4,10.1,1.1,0.3,10.6,16.3,109,111,2.0,1.6,3.6,.074
42,Raja Bell,SG,32,PHO,22,712,8.5,.569,.554,.119,.531,1.4,8.8,5.2,5.5,0.9,0.2,8.8,12.6,114,116,0.7,0.1,0.8,.054
42,Raja Bell,SG,32,CHA,45,1603,11.7,.541,.509,.160,.349,2.6,11.2,6.9,12.2,1.3,0.3,11.1,18.0,107,109,1.3,1.5,2.8,.083
43,Mike Bibby,PG,30,ATL,79,2740,16.3,.544,.518,.170,.426,1.6,10.3,6.0,24.2,1.9,0.3,10.6,20.6,113,109,4.4,2.5,6.9,.121
44,Andris Biedrins,C,22,GSW,62,1863,19.1,.585,.578,.405,.002,13.0,27.4,20.2,10.0,1.7,3.6,14.9,16.9,116,107,3.3,2.1,5.4,.139
45,Chauncey Billups,PG,32,TOT,79,2789,18.8,.592,.501,.467,.405,1.4,8.4,5.0,28.9,1.7,0.5,13.0,21.7,121,110,7.9,2.2,10.1,.174
45,Chauncey Billups,PG,32,DET,2,70,17.5,.492,.381,.476,.333,1.7,15.5,8.5,33.0,2.4,1.1,13.6,20.0,110,106,0.1,0.1,0.2,.124
45,Chauncey Billups,PG,32,DEN,77,2719,18.8,.595,.504,.467,.407,1.4,8.2,4.9,28.8,1.7,0.5,13.0,21.8,121,110,7.8,2.1,9.9,.176
46,Steve Blake,PG,28,POR,69,2188,14.4,.557,.536,.116,.507,1.6,8.4,4.9,25.1,1.7,0.1,13.7,17.0,118,110,4.1,1.7,5.8,.128
47,Andray Blatche,C,22,WAS,71,1703,15.0,.508,.475,.257,.033,8.5,17.9,13.0,11.8,1.6,3.5,14.3,21.9,101,111,0.2,1.2,1.4,.039
48,Mark Blount,C,33,MIA,20,207,8.7,.472,.455,.167,.346,5.7,18.1,11.8,3.1,0.3,2.8,14.3,22.2,88,109,-0.3,0.2,-0.1,-0.024
49,Keith Bogans,SG,28,TOT,65,1272,9.7,.521,.481,.176,.673,2.8,15.6,9.1,7.7,1.8,0.2,10.5,14.0,106,105,0.7,1.9,2.5,.096
49,Keith Bogans,SG,28,ORL,36,787,8.0,.509,.480,.137,.720,2.2,13.4,7.9,5.9,1.5,0.2,9.3,12.0,105,104,0.3,1.2,1.5,.093
49,Keith Bogans,SG,28,MIL,29,485,12.5,.535,.483,.221,.617,3.7,19.1,11.1,10.5,2.1,0.3,11.9,17.2,108,106,0.4,0.6,1.0,.101
50,Andrew Bogut,C,24,MIL,36,1124,16.2,.586,.577,.309,.000,11.8,27.7,19.4,10.7,1.1,2.7,19.3,17.8,107,105,1.0,1.6,2.6,.112
51,Matt Bonner,PF,28,SAS,81,1928,15.0,.611,.606,.043,.500,6.1,17.6,11.9,6.8,1.3,1.0,6.3,14.6,123,104,3.8,3.0,6.8,.169
52,Josh Boone,C,24,NJN,62,995,13.3,.513,.528,.397,.000,12.3,18.7,15.4,5.0,1.2,3.9,11.0,13.3,110,109,0.9,0.9,1.8,.089
53,Calvin Booth,C,32,TOT,8,56,11.4,.592,.500,.800,.000,10.1,12.6,11.5,0.0,0.9,2.7,6.9,11.6,127,115,0.1,0.0,0.1,.106
53,Calvin Booth,C,32,MIN,1,1,39.8,,,,,100.0,0.0,58.5,0.0,0.0,0.0,,0.0,215,120,0.0,0.0,0.0,.475
53,Calvin Booth,C,32,SAC,7,55,10.9,.592,.500,.800,.000,8.4,12.8,10.6,0.0,0.9,2.7,6.9,11.8,125,115,0.1,0.0,0.1,.099
54,Carlos Boozer,PF,27,UTA,37,1197,17.2,.523,.490,.271,.000,11.1,27.3,19.2,11.4,1.7,0.5,12.1,24.4,105,105,0.9,1.7,2.6,.105
55,Chris Bosh,C,24,TOR,77,2928,22.1,.569,.492,.489,.039,8.7,22.1,15.5,11.6,1.2,2.0,10.2,26.9,114,108,6.6,3.1,9.7,.159
56,Bruce Bowen,SF,37,SAS,80,1506,5.4,.539,.535,.139,.524,1.3,10.1,5.7,3.7,1.3,0.6,11.2,7.2,104,106,0.3,1.9,2.2,.070
57,Ryan Bowen,SF,33,NOH,21,219,10.8,.585,.579,.132,.000,5.5,7.7,6.6,6.5,3.5,1.9,11.1,9.9,118,105,0.2,0.3,0.6,.125
58,Elton Brand,PF,29,PHI,29,920,14.6,.484,.447,.296,.000,9.9,23.2,16.5,6.9,1.0,3.9,14.2,23.8,97,105,-0.4,1.3,0.9,.047
59,Corey Brewer,SF,22,MIN,15,307,11.2,.473,.439,.211,.133,6.6,12.3,9.3,12.9,2.6,0.8,11.7,16.3,102,110,0.1,0.3,0.3,.052
60,Ronnie Brewer,SF,23,UTA,81,2605,16.1,.565,.522,.425,.103,4.6,9.1,6.9,10.9,2.7,0.9,10.1,18.8,113,108,3.9,2.9,6.8,.126
Rk,Player,Pos,Age,Tm,G,MP,PER,TS%,eFG%,FTr,3PAr,ORB%,DRB%,TRB%,AST%,STL%,BLK%,TOV%,USG%,ORtg,DRtg,OWS,DWS,WS,WS/48
61,Aaron Brooks,PG,24,HOU,80,1998,12.9,.521,.476,.220,.395,2.0,7.0,4.6,20.2,1.2,0.3,12.7,22.9,105,108,1.4,2.2,3.6,.086
62,Andre Brown,PF,27,CHA,4,41,-1.5,.254,.143,.286,.000,21.3,15.0,18.1,3.5,1.3,0.0,38.8,14.8,64,107,-0.2,0.0,-0.1,-0.122
63,Bobby Brown,SG-PG,24,TOT,68,931,8.9,.476,.454,.119,.361,1.7,4.8,3.3,20.9,1.2,0.2,14.3,21.3,96,118,-0.5,-0.1,-0.6,-0.029
63,Bobby Brown,SG,24,SAC,47,675,7.7,.468,.443,.138,.381,1.4,4.9,3.1,21.1,1.1,0.1,15.2,20.5,94,119,-0.5,-0.2,-0.7,-0.047
63,Bobby Brown,PG,24,MIN,21,256,11.9,.496,.478,.080,.319,2.6,4.8,3.7,20.5,1.2,0.6,12.0,23.4,101,115,0.0,0.1,0.1,.017
64,Dee Brown,PG,24,TOT,19,261,6.6,.449,.439,.102,.490,3.1,10.1,6.5,19.8,2.0,0.0,24.9,11.8,92,115,-0.2,0.1,-0.1,-0.018
64,Dee Brown,PG,24,WAS,17,233,7.8,.452,.455,.068,.455,3.4,10.9,7.1,20.6,2.3,0.0,23.6,11.6,94,114,-0.1,0.1,0.0,-0.006
64,Dee Brown,PG,24,PHO,2,28,-2.9,.425,.300,.400,.800,0.0,4.0,2.1,13.1,0.0,0.0,33.8,14.0,74,119,-0.1,0.0,-0.1,-0.116
65,Devin Brown,SG,30,NOH,63,869,9.7,.459,.399,.319,.310,4.3,12.2,8.3,10.2,2.0,0.5,13.1,22.8,92,108,-0.8,1.0,0.1,.007
66,Kwame Brown,C,26,DET,58,999,11.5,.546,.533,.722,.000,10.7,24.0,17.2,4.9,1.3,1.9,18.3,13.0,106,105,0.5,1.4,1.9,.093
67,Shannon Brown,SG,23,TOT,48,477,12.9,.554,.515,.236,.224,2.8,8.1,5.5,13.7,2.5,1.2,17.3,21.4,101,106,0.1,0.6,0.7,.067
67,Shannon Brown,SG,23,CHA,30,341,12.1,.529,.488,.244,.228,2.9,5.8,4.4,14.8,2.9,1.2,17.6,22.9,97,106,-0.1,0.4,0.3,.041
67,Shannon Brown,SG,23,LAL,18,136,15.0,.631,.595,.214,.214,2.5,13.9,8.3,10.9,1.5,1.1,16.4,17.8,114,106,0.2,0.2,0.4,.131
68,Kobe Bryant,SG,30,LAL,82,2960,24.4,.561,.502,.329,.196,3.5,12.8,8.2,23.8,2.1,1.0,9.7,32.2,115,106,8.6,4.0,12.7,.206
69,Greg Buckner,SF,32,MEM,63,878,6.3,.456,.425,.157,.321,4.4,13.9,9.1,9.9,1.8,0.7,18.3,11.1,94,110,-0.4,0.7,0.3,.019
70,Caron Butler,SG,28,WAS,67,2585,18.8,.552,.482,.371,.194,5.2,13.8,9.4,19.7,2.2,0.6,14.3,25.9,108,113,3.4,1.1,4.5,.083
71,Rasual Butler,SF,29,NOH,82,2614,11.8,.541,.521,.137,.447,2.3,10.2,6.3,4.8,1.1,2.0,6.5,16.8,109,109,2.2,2.4,4.6,.084
72,Andrew Bynum,C,21,LAL,50,1446,20.0,.598,.560,.428,.000,10.8,20.1,15.6,7.7,0.6,4.8,12.5,20.7,118,104,3.2,2.3,5.5,.184
73,Will Bynum,PG,26,DET,57,803,17.4,.520,.461,.348,.056,2.8,8.4,5.5,35.3,2.3,0.2,16.2,27.9,103,109,0.5,0.8,1.3,.078
74,Jose Calderon,PG,27,TOR,68,2333,18.8,.613,.561,.239,.314,0.8,8.9,4.9,41.0,1.7,0.2,16.7,16.9,123,112,6.2,1.3,7.5,.154
75,Marcus Camby,C,34,LAC,62,1925,18.7,.556,.513,.367,.008,9.4,32.7,20.7,10.8,1.4,5.1,13.9,15.8,112,104,2.3,2.9,5.2,.129
76,Brian Cardinal,PF,31,MIN,64,909,8.1,.515,.473,.207,.544,4.8,13.8,9.1,12.3,2.1,1.1,20.7,11.5,102,110,0.1,0.7,0.9,.045
77,Rodney Carney,SG,24,MIN,67,1199,12.1,.532,.509,.156,.534,3.4,9.1,6.1,3.6,2.0,1.9,8.7,18.6,105,111,0.7,0.8,1.5,.059
78,Matt Carroll,SG,28,TOT,55,616,5.5,.451,.418,.146,.310,1.4,12.2,6.8,7.2,1.8,0.8,15.3,16.4,86,108,-0.8,0.7,-0.1,-0.008
78,Matt Carroll,SG,28,CHA,34,475,7.0,.475,.449,.138,.326,1.3,12.9,7.2,8.4,2.1,0.9,15.1,17.1,90,106,-0.5,0.6,0.1,.015
78,Matt Carroll,SG,28,DAL,21,141,0.5,.351,.288,.182,.242,1.6,9.7,5.7,2.9,1.1,0.5,16.4,13.9,69,112,-0.3,0.1,-0.2,-0.084
79,Anthony Carter,PG,33,DEN,78,1787,10.8,.490,.460,.202,.228,2.7,10.4,6.7,29.9,2.7,0.6,26.9,14.3,98,107,-0.3,2.1,1.8,.047
80,Vince Carter,SG,32,NJN,80,2946,19.3,.545,.493,.305,.291,3.0,13.8,8.3,23.7,1.5,1.1,9.8,26.8,112,112,5.7,1.8,7.5,.123
Rk,Player,Pos,Age,Tm,G,MP,PER,TS%,eFG%,FTr,3PAr,ORB%,DRB%,TRB%,AST%,STL%,BLK%,TOV%,USG%,ORtg,DRtg,OWS,DWS,WS,WS/48
81,Mario Chalmers,PG,22,MIA,82,2626,13.3,.548,.506,.292,.470,1.7,8.8,5.2,23.5,3.3,0.2,18.1,16.3,107,107,2.1,3.1,5.2,.095
82,Tyson Chandler,C,26,NOH,45,1445,13.4,.581,.565,.470,.000,13.7,19.2,16.4,2.4,0.6,3.3,17.0,13.7,113,107,1.7,1.7,3.4,.114
83,Wilson Chandler,SF,21,NYK,82,2735,12.9,.515,.481,.204,.298,3.5,14.7,8.9,9.9,1.3,2.0,10.8,20.5,103,110,1.0,2.1,3.1,.054
84,Speedy Claxton,PG,30,ATL,2,15,5.7,.317,.286,.286,.000,0.0,0.0,0.0,32.4,0.0,0.0,0.0,24.6,88,117,0.0,0.0,0.0,-0.083
85,Jarron Collins,C,30,UTA,26,201,5.8,.502,.457,.314,.000,11.9,10.1,11.0,4.9,0.5,0.4,18.4,10.9,105,112,0.1,0.1,0.2,.047
86,Jason Collins,C,30,MIN,31,422,3.3,.346,.314,.400,.000,7.5,12.1,9.7,3.7,1.1,2.4,12.7,10.1,84,112,-0.4,0.3,-0.2,-0.018
87,Mardy Collins,PG-SG,24,TOT,48,890,9.5,.470,.451,.186,.126,3.9,10.1,6.9,19.8,1.8,0.8,17.8,16.6,94,113,-0.5,0.4,-0.1,-0.003
87,Mardy Collins,SG,24,NYK,9,75,5.0,.371,.348,.391,.130,2.8,9.1,5.8,19.3,1.3,0.0,15.6,18.5,82,113,-0.2,0.0,-0.1,-0.077
87,Mardy Collins,PG,24,LAC,39,815,9.9,.481,.462,.165,.125,4.0,10.2,7.0,19.9,1.9,0.9,18.1,16.4,96,113,-0.3,0.4,0.1,.004
88,Nick Collison,C,28,OKC,71,1831,14.8,.599,.568,.318,.005,11.2,19.7,15.4,5.8,1.4,2.0,13.0,13.5,119,108,3.0,2.0,5.0,.130
89,Mike Conley,PG,21,MEM,82,2508,14.3,.548,.503,.270,.297,1.2,12.5,6.8,23.7,1.9,0.3,14.9,17.9,109,111,2.7,1.9,4.5,.086
90,Brian Cook,PF,28,TOT,30,171,7.6,.470,.454,.079,.395,4.8,16.1,10.6,5.1,0.9,1.3,14.2,24.8,88,103,-0.3,0.3,0.0,-0.001
90,Brian Cook,PF,28,ORL,21,146,7.6,.495,.475,.100,.417,4.8,15.8,10.4,4.7,1.1,0.0,14.9,23.3,91,104,-0.2,0.2,0.1,.019
90,Brian Cook,PF,28,HOU,9,25,7.4,.375,.375,.000,.313,4.9,17.9,11.7,7.3,0.0,8.7,11.1,33.5,75,100,-0.1,0.0,-0.1,-0.120
91,Daequan Cook,SF,21,MIA,75,1833,10.3,.512,.494,.087,.612,1.2,11.2,6.2,6.2,1.1,0.4,5.9,18.2,104,111,0.9,1.3,2.2,.056
92,Jamal Crawford,PG-SG,28,TOT,65,2479,15.1,.545,.479,.337,.386,1.0,7.5,4.2,18.1,1.1,0.4,11.2,22.8,110,117,3.3,0.0,3.3,.065
92,Jamal Crawford,SG,28,NYK,11,392,15.7,.571,.536,.272,.456,0.5,4.3,2.4,20.0,1.1,0.0,12.1,23.9,111,115,0.6,0.1,0.7,.083
92,Jamal Crawford,PG,28,GSW,54,2087,15.0,.541,.468,.349,.372,1.1,8.1,4.6,17.8,1.1,0.4,11.0,22.6,110,117,2.7,-0.1,2.7,.061
93,Joe Crawford,SF,22,NYK,2,23,10.8,.414,.350,.200,.400,4.6,14.8,9.5,6.5,2.2,0.0,0.0,20.6,99,110,0.0,0.0,0.0,.037
94,Javaris Crittenton,PG-SG,21,TOT,63,1174,10.4,.487,.463,.323,.053,5.6,11.2,8.3,19.8,1.8,0.4,20.1,15.8,97,115,-0.3,0.3,0.0,.000
94,Javaris Crittenton,SG,21,MEM,7,44,13.2,.479,.467,.733,.067,11.0,5.7,8.4,20.1,1.2,0.0,13.1,24.3,101,114,0.0,0.0,0.0,.025
94,Javaris Crittenton,PG,21,WAS,56,1130,10.3,.488,.463,.300,.052,5.4,11.4,8.3,19.7,1.8,0.4,20.5,15.5,97,115,-0.3,0.3,0.0,.000
95,Austin Croshere,PF,33,TOT,14,100,14.2,.452,.423,.308,.385,12.7,28.1,20.1,14.4,0.5,0.8,11.9,23.0,99,106,0.0,0.1,0.1,.052
95,Austin Croshere,PF,33,MIL,11,77,17.2,.517,.483,.367,.367,10.3,27.3,18.4,12.9,0.7,1.1,10.3,22.6,109,107,0.1,0.1,0.2,.117
95,Austin Croshere,PF,33,SAS,3,23,4.3,.212,.222,.111,.444,21.0,30.7,25.9,19.3,0.0,0.0,17.5,24.1,69,105,-0.1,0.0,-0.1,-0.166
96,Eddy Curry,C,26,NYK,3,12,2.8,.753,1.000,1.500,.000,0.0,37.7,18.2,0.0,0.0,0.0,37.6,19.3,77,107,0.0,0.0,0.0,-0.064
97,Samuel Dalembert,C,27,PHI,82,2036,13.2,.535,.498,.286,.005,12.5,28.9,20.6,1.4,0.9,5.8,19.3,13.6,103,103,0.5,3.5,4.0,.095
98,Erick Dampier,C,33,DAL,80,1836,15.7,.664,.650,.504,.000,13.6,21.6,17.7,6.1,0.7,3.8,17.8,10.4,129,107,3.9,2.3,6.1,.161
99,Antonio Daniels,PG,33,TOT,74,1021,12.1,.536,.466,.424,.254,0.6,8.5,4.5,26.9,1.4,0.1,18.1,15.9,108,112,0.9,0.6,1.5,.068
99,Antonio Daniels,PG,33,WAS,13,288,10.8,.554,.456,.733,.244,0.0,9.2,4.5,23.4,1.3,0.0,17.9,11.5,114,117,0.3,0.0,0.3,.053
99,Antonio Daniels,PG,33,NOH,61,733,12.6,.531,.469,.351,.257,0.8,8.2,4.5,28.3,1.4,0.1,18.2,17.7,106,111,0.6,0.6,1.1,.074
100,Marquis Daniels,SF,28,IND,54,1700,12.8,.491,.464,.187,.131,5.1,11.0,8.0,10.7,1.8,1.1,11.2,21.5,99,110,-0.1,1.4,1.3,.037
Rk,Player,Pos,Age,Tm,G,MP,PER,TS%,eFG%,FTr,3PAr,ORB%,DRB%,TRB%,AST%,STL%,BLK%,TOV%,USG%,ORtg,DRtg,OWS,DWS,WS,WS/48
101,Jermareo Davidson,SF,24,GSW,14,111,12.3,.494,.486,.486,.000,9.8,23.5,16.7,1.4,0.9,1.9,10.5,18.3,101,112,0.0,0.1,0.1,.036
102,Baron Davis,PG,29,LAC,65,2248,14.5,.460,.422,.219,.342,2.3,10.2,6.1,38.1,2.5,1.2,15.5,25.2,97,111,-0.9,1.5,0.6,.013
103,Glen Davis,C,23,BOS,76,1637,10.7,.502,.444,.396,.011,9.4,12.8,11.2,6.5,1.7,0.9,11.8,17.1,106,103,1.0,2.7,3.7,.108
104,Paul Davis,PF,24,LAC,27,320,10.7,.474,.408,.347,.010,9.8,14.5,12.1,6.1,1.6,0.7,10.3,17.9,102,112,0.1,0.2,0.2,.037
105,Ricky Davis,SG,29,LAC,36,785,7.1,.445,.410,.147,.453,1.3,7.7,4.4,16.4,1.3,0.5,13.0,17.4,92,115,-0.6,0.2,-0.4,-0.027
106,Luol Deng,SF,23,CHI,49,1665,14.7,.511,.455,.323,.034,5.5,14.7,10.1,9.0,1.9,1.1,9.6,20.0,106,109,1.3,1.6,3.0,.085
107,Boris Diaw,PF,26,TOT,81,2754,14.4,.565,.549,.166,.205,5.3,13.8,9.6,21.2,1.2,1.6,18.5,19.7,105,109,1.9,2.8,4.7,.082
107,Boris Diaw,PF,26,PHO,22,538,12.5,.600,.585,.184,.099,5.4,12.5,9.1,12.1,1.0,1.2,19.5,15.5,109,114,0.5,0.2,0.7,.062
107,Boris Diaw,PF,26,CHA,59,2216,14.9,.558,.542,.163,.225,5.3,14.1,9.7,23.4,1.2,1.6,18.3,20.8,105,107,1.4,2.6,4.0,.086
108,Yakhouba Diawara,SF,26,MIA,63,851,6.4,.473,.468,.088,.751,3.6,7.9,5.8,4.7,0.8,0.6,6.6,13.3,101,113,0.1,0.4,0.5,.029
109,Travis Diener,PG,26,IND,55,719,13.7,.555,.542,.084,.659,0.9,12.4,6.6,23.9,1.8,0.5,10.2,12.5,122,110,1.3,0.6,1.9,.125
110,Ike Diogu,PF,25,TOT,29,215,20.3,.611,.534,.716,.027,14.4,16.6,15.5,2.7,0.7,1.1,11.0,23.2,121,114,0.6,0.1,0.7,.158
110,Ike Diogu,PF,25,POR,19,73,11.4,.486,.316,1.053,.000,20.1,8.6,14.4,0.0,0.8,2.2,17.8,21.8,103,111,0.0,0.1,0.1,.057
110,Ike Diogu,PF,25,SAC,10,142,24.9,.662,.609,.600,.036,11.4,20.7,16.0,4.1,0.7,0.5,7.9,23.8,130,115,0.6,0.0,0.6,.210
111,DeSagana Diop,C,27,TOT,75,1036,9.7,.425,.433,.386,.000,13.3,18.2,15.8,4.6,1.5,4.3,16.3,10.8,97,104,-0.2,1.6,1.4,.065
111,DeSagana Diop,C,27,DAL,34,452,8.9,.396,.379,.500,.000,11.5,18.4,15.0,3.9,1.4,4.1,13.5,8.3,102,106,0.1,0.6,0.7,.070
111,DeSagana Diop,C,27,CHA,41,584,10.3,.441,.460,.327,.000,14.7,18.1,16.4,5.2,1.6,4.4,17.8,12.7,95,103,-0.2,1.0,0.7,.060
112,Juan Dixon,PG,30,WAS,50,816,9.3,.478,.443,.152,.293,1.1,8.7,4.8,22.7,2.3,0.6,20.4,19.1,92,115,-0.8,0.2,-0.5,-0.031
113,Keyon Dooling,PG,28,NJN,77,2074,13.6,.562,.519,.258,.393,1.4,7.6,4.5,21.3,1.8,0.3,13.6,17.4,112,113,2.8,0.9,3.7,.085
114,Joey Dorsey,PF,25,HOU,3,6,16.1,.500,.500,.000,.000,0.0,18.7,9.7,28.7,0.0,0.0,0.0,15.5,122,108,0.0,0.0,0.0,.156
115,Quincy Douby,PG,24,TOT,27,300,10.2,.486,.445,.173,.418,2.3,10.2,6.2,13.6,0.9,1.2,9.9,19.8,100,116,0.0,0.0,0.0,.008
115,Quincy Douby,PG,24,SAC,20,227,8.0,.444,.398,.170,.420,1.5,11.4,6.4,9.3,0.4,1.6,6.0,19.9,96,117,-0.1,0.0,-0.1,-0.024
115,Quincy Douby,PG,24,TOR,7,73,17.0,.652,.636,.182,.409,4.9,6.4,5.6,27.1,2.1,0.0,22.8,19.4,113,112,0.1,0.0,0.2,.106
116,Chris Douglas-Roberts,SG,22,NJN,44,585,12.2,.531,.469,.352,.068,2.8,7.4,5.1,14.8,1.1,1.0,13.2,18.7,106,115,0.4,0.2,0.6,.046
117,Goran Dragic,PG,22,PHO,55,728,9.8,.487,.438,.290,.241,5.5,10.8,8.3,20.8,2.0,0.3,22.4,19.7,96,113,-0.3,0.4,0.1,.005
118,Jared Dudley,SF,23,TOT,68,1155,13.5,.562,.528,.368,.260,8.7,12.3,10.5,7.1,2.5,0.5,11.5,14.6,116,109,1.6,1.1,2.7,.114
118,Jared Dudley,SF,23,CHA,20,427,10.6,.507,.484,.250,.083,7.3,9.8,8.6,7.3,2.3,0.4,8.6,12.9,110,107,0.3,0.5,0.8,.094
118,Jared Dudley,SF,23,PHO,48,728,15.2,.588,.550,.429,.349,9.5,13.7,11.7,7.0,2.7,0.6,12.8,15.6,119,110,1.3,0.6,1.9,.126
119,Chris Duhon,PG,26,NYK,79,2906,12.2,.569,.515,.307,.477,1.6,7.8,4.6,27.9,1.2,0.2,22.2,14.9,110,114,3.1,1.0,4.2,.069
120,Tim Duncan,C,32,SAS,75,2524,24.4,.549,.504,.436,.002,9.6,27.9,18.9,19.3,0.8,3.7,11.1,28.5,111,100,5.0,5.0,10.1,.191
Rk,Player,Pos,Age,Tm,G,MP,PER,TS%,eFG%,FTr,3PAr,ORB%,DRB%,TRB%,AST%,STL%,BLK%,TOV%,USG%,ORtg,DRtg,OWS,DWS,WS,WS/48
121,Mike Dunleavy,SG,28,IND,18,495,14.4,.520,.470,.280,.388,3.1,12.1,7.6,14.2,1.2,1.3,12.7,26.3,101,111,0.1,0.4,0.5,.048
122,Kevin Durant,SF,20,OKC,74,2885,20.8,.577,.510,.377,.165,3.0,16.4,9.6,13.5,1.7,1.4,12.2,28.3,111,109,5.2,2.7,7.9,.132
123,Monta Ellis,SG,23,GSW,25,892,14.5,.503,.460,.219,.060,1.7,11.5,6.6,17.5,2.1,0.6,12.4,25.8,99,114,-0.1,0.3,0.2,.012
124,Francisco Elson,C,32,MIL,59,977,10.3,.537,.494,.231,.024,11.6,16.3,13.8,4.8,1.9,3.1,20.5,10.8,107,106,0.5,1.3,1.8,.089
125,Melvin Ely,C,30,NOH,31,373,6.0,.438,.389,.379,.000,9.7,11.0,10.4,7.6,0.3,2.0,17.2,17.3,91,111,-0.3,0.3,-0.1,-0.008
126,Maurice Evans,SF,30,ATL,80,1840,11.1,.558,.533,.151,.515,5.6,9.9,7.7,4.6,1.5,0.4,7.7,14.2,115,110,2.3,1.5,3.8,.099
127,Reggie Evans,PF,28,PHI,79,1137,10.4,.514,.444,.983,.006,14.1,24.0,19.0,3.3,1.9,0.6,21.3,13.0,102,105,0.3,1.6,1.9,.079
128,Jordan Farmar,PG,22,LAL,65,1192,9.9,.466,.450,.187,.354,2.1,8.9,5.5,18.6,2.4,0.6,16.3,19.6,95,106,-0.7,1.5,0.8,.034
129,Desmon Farmer,SG,27,SAS,3,54,0.4,.437,.393,.143,.857,0.0,13.1,6.6,5.4,0.0,0.0,21.2,16.9,74,109,-0.1,0.1,-0.1,-0.071
130,Raymond Felton,PG,24,CHA,82,3086,13.7,.483,.435,.251,.191,2.2,10.2,6.2,31.1,2.2,0.8,15.9,21.9,101,107,0.6,3.7,4.3,.066
131,Rudy Fernandez,SG,23,POR,78,1993,15.5,.588,.552,.227,.632,2.9,10.1,6.4,12.7,1.9,0.5,11.0,18.4,120,109,4.3,1.8,6.1,.147
132,Kyrylo Fesenko,C,22,UTA,21,156,13.0,.542,.583,.583,.000,10.7,17.6,14.2,3.9,2.3,7.6,16.6,15.6,100,101,0.0,0.3,0.3,.095
133,Michael Finley,SF,35,SAS,81,2336,11.4,.547,.532,.090,.463,1.3,12.3,6.9,7.7,0.9,0.5,7.8,16.1,107,107,1.6,2.8,4.4,.091
134,Derek Fisher,PG,34,LAL,82,2441,12.1,.546,.512,.189,.439,1.2,7.4,4.4,14.9,2.0,0.2,8.8,14.7,117,108,3.6,2.7,6.3,.123
135,T.J. Ford,PG,25,IND,74,2258,16.6,.533,.472,.308,.114,2.9,9.8,6.3,27.6,2.0,0.5,14.8,23.5,108,110,2.6,1.7,4.3,.092
136,Jeff Foster,C,32,IND,74,1828,13.0,.542,.504,.414,.020,12.8,17.8,15.3,9.9,1.4,2.0,17.4,12.0,115,108,2.3,1.9,4.2,.111
137,Randy Foye,SG,25,MIN,70,2494,13.7,.517,.463,.277,.314,1.5,8.8,5.0,20.5,1.5,0.8,12.0,22.6,106,113,2.0,1.1,3.1,.059
138,Adonal Foyle,C,33,TOT,10,62,19.7,.623,.636,.545,.000,16.8,30.1,23.6,2.6,0.0,9.3,18.0,12.4,121,95,0.1,0.2,0.3,.212
138,Adonal Foyle,C,33,ORL,9,59,21.0,.623,.636,.545,.000,17.7,31.7,24.8,2.7,0.0,9.7,18.0,13.0,121,94,0.1,0.2,0.3,.223
138,Adonal Foyle,C,33,MEM,1,3,-6.3,,,,,0.0,0.0,0.0,0.0,0.0,0.0,,0.0,,118,0.0,0.0,0.0,-0.003
139,Channing Frye,PF,25,POR,63,746,10.0,.465,.444,.135,.124,6.7,16.7,11.6,5.3,1.3,1.7,9.3,19.7,100,108,0.0,0.8,0.8,.054
140,Dan Gadzuric,C,30,MIL,67,941,12.2,.495,.480,.279,.008,11.4,21.0,16.0,6.5,1.8,3.8,13.0,15.0,104,104,0.4,1.4,1.8,.094
Rk,Player,Pos,Age,Tm,G,MP,PER,TS%,eFG%,FTr,3PAr,ORB%,DRB%,TRB%,AST%,STL%,BLK%,TOV%,USG%,ORtg,DRtg,OWS,DWS,WS,WS/48
141,Danilo Gallinari,SG,20,NYK,28,412,13.4,.621,.576,.216,.576,3.3,11.5,7.3,5.5,1.7,0.7,9.9,16.0,120,111,0.7,0.3,1.0,.119
142,Francisco Garcia,SF,27,SAC,65,1975,14.1,.554,.510,.268,.332,3.3,9.6,6.4,12.6,2.1,2.5,13.1,19.4,107,114,1.7,0.7,2.4,.058
143,Thomas Gardner,SG,23,ATL,16,98,1.5,.318,.306,.111,.639,0.0,8.4,4.2,3.1,2.2,0.8,7.4,19.5,67,109,-0.3,0.1,-0.2,-0.120
144,Kevin Garnett,PF,32,BOS,57,1772,21.2,.563,.532,.178,.011,5.6,26.7,16.6,14.7,1.9,3.1,10.1,23.4,112,98,3.0,4.1,7.1,.193
145,Marc Gasol,C,24,MEM,82,2521,16.7,.590,.530,.567,.002,9.6,20.0,14.7,9.7,1.3,2.9,16.6,18.3,112,108,3.7,2.7,6.4,.121
146,Pau Gasol,C,28,LAL,81,2999,22.2,.617,.567,.420,.002,10.0,19.3,14.7,14.8,0.9,2.1,11.3,20.4,126,105,9.8,4.2,13.9,.223
147,Rudy Gay,SF,22,MEM,79,2945,15.3,.528,.487,.273,.192,4.5,13.9,9.1,8.7,1.8,1.6,12.6,25.6,101,110,0.7,2.6,3.3,.054
148,Devean George,SF,31,DAL,43,708,7.0,.485,.458,.155,.535,4.1,8.5,6.3,3.0,1.7,1.1,10.1,10.9,101,110,0.1,0.6,0.6,.042
149,Daniel Gibson,PG,22,CLE,75,1795,10.1,.519,.493,.163,.537,2.1,7.9,5.1,11.3,1.3,0.7,9.7,16.5,108,106,1.5,2.3,3.8,.101
150,J.R. Giddens,SF,23,BOS,6,8,26.0,.667,.667,.000,.000,31.9,14.5,22.8,0.0,6.6,0.0,25.0,23.3,109,93,0.0,0.0,0.0,.201
151,Eddie Gill,PG,30,MIL,6,43,15.5,.778,.778,.000,.333,0.0,11.5,5.5,41.2,3.6,1.9,35.7,14.6,116,104,0.1,0.1,0.1,.155
152,Manu Ginobili,SG,31,SAS,44,1181,22.9,.594,.524,.387,.426,2.5,17.3,10.0,23.1,2.9,1.0,13.3,27.2,114,101,2.7,2.3,5.0,.203
153,Ryan Gomes,SF,26,MIN,82,2614,12.5,.518,.486,.186,.293,4.6,13.3,8.8,8.7,1.3,0.6,10.8,20.4,104,113,1.3,1.3,2.5,.046
154,Drew Gooden,PF,27,TOT,51,1264,16.3,.526,.468,.308,.008,10.4,22.6,16.6,6.3,1.2,1.0,11.7,23.5,106,106,1.1,1.6,2.7,.102
154,Drew Gooden,PF,27,CHI,31,918,15.3,.514,.457,.276,.009,10.3,22.8,16.6,7.7,1.5,1.1,12.6,21.9,105,107,0.6,1.1,1.7,.090
154,Drew Gooden,PF,27,SAC,1,26,18.7,.607,.556,.222,.000,13.4,45.2,29.2,13.8,0.0,0.0,23.3,22.2,106,110,0.0,0.0,0.0,.082
154,Drew Gooden,PF,27,SAS,19,320,18.8,.550,.490,.393,.007,10.6,20.2,15.5,1.7,0.7,0.9,8.6,28.2,109,105,0.5,0.5,0.9,.139
155,Ben Gordon,SG,25,CHI,82,2999,17.0,.573,.521,.290,.321,2.0,8.8,5.4,15.9,1.2,0.5,11.9,25.0,112,112,5.2,1.7,6.9,.110
156,Eric Gordon,SG,20,LAC,78,2677,14.9,.593,.529,.388,.374,1.9,6.9,4.3,13.6,1.5,1.0,13.5,20.7,112,115,3.9,0.7,4.6,.082
157,Marcin Gortat,PF,24,ORL,63,794,17.0,.578,.570,.241,.005,14.0,26.3,20.3,2.9,1.2,4.8,10.8,13.5,121,97,1.4,1.9,3.3,.202
158,Joey Graham,SF,26,TOR,78,1541,11.9,.542,.484,.333,.033,7.3,14.9,11.1,5.0,1.2,0.6,11.9,18.7,106,111,1.1,1.1,2.2,.068
159,Stephen Graham,SG,26,IND,52,684,8.5,.498,.453,.242,.258,3.4,12.2,7.7,7.3,0.7,0.4,13.7,20.9,95,112,-0.4,0.4,0.0,.001
160,Danny Granger,SF,25,IND,67,2424,21.8,.584,.518,.360,.352,2.2,13.4,7.7,13.1,1.4,3.0,10.0,29.6,114,109,5.6,2.4,8.0,.158
Rk,Player,Pos,Age,Tm,G,MP,PER,TS%,eFG%,FTr,3PAr,ORB%,DRB%,TRB%,AST%,STL%,BLK%,TOV%,USG%,ORtg,DRtg,OWS,DWS,WS,WS/48
161,Aaron Gray,C,24,CHI,56,715,11.5,.508,.485,.353,.006,13.5,21.7,17.6,9.6,1.0,1.8,17.2,14.5,107,107,0.5,0.8,1.3,.086
162,Gerald Green,SG,23,DAL,38,376,11.4,.513,.478,.178,.256,4.3,12.1,8.2,6.9,1.4,1.0,14.5,27.7,94,110,-0.3,0.3,0.0,-0.002
163,Jeff Green,PF,22,OKC,78,2873,13.9,.536,.491,.287,.231,4.7,16.3,10.4,9.1,1.4,0.8,12.6,21.2,105,110,1.8,2.4,4.2,.070
164,Willie Green,SG,27,PHI,81,1828,11.1,.493,.473,.129,.245,1.9,6.4,4.1,14.4,1.5,0.6,8.4,18.9,105,112,1.1,1.2,2.3,.060
165,Donte Greene,SF,20,SAC,55,725,5.2,.416,.381,.144,.424,3.0,10.9,6.9,6.4,1.1,1.4,12.8,17.8,84,116,-1.2,0.1,-1.1,-0.074
166,Hamed Haddadi,C,23,MEM,19,120,19.7,.543,.484,.968,.000,16.1,32.2,24.0,11.1,0.4,8.1,16.9,20.7,109,103,0.2,0.2,0.4,.142
167,Malik Hairston,SG,21,SAS,15,155,12.0,.480,.490,.143,.020,8.6,12.9,10.8,13.8,2.1,3.3,18.7,20.0,92,101,-0.1,0.3,0.1,.045
168,Richard Hamilton,SG,30,DET,67,2279,16.9,.529,.480,.252,.182,2.3,8.6,5.4,23.9,1.0,0.1,10.3,27.0,108,112,3.1,1.4,4.5,.095
169,Matt Harpring,SG,32,UTA,63,693,12.3,.508,.461,.299,.008,8.1,13.1,10.6,6.4,2.2,1.0,9.6,19.5,105,107,0.4,0.8,1.2,.086
170,Al Harrington,PF,28,TOT,73,2546,15.9,.547,.509,.243,.388,4.1,15.8,9.8,6.8,1.7,0.6,10.7,25.7,105,110,1.9,2.0,3.9,.073
170,Al Harrington,PF,28,GSW,5,166,8.8,.417,.407,.143,.400,6.6,11.8,9.2,8.9,2.1,0.0,8.6,20.9,92,114,-0.2,0.1,-0.1,-0.030
170,Al Harrington,PF,28,NYK,68,2380,16.4,.555,.516,.250,.387,4.0,16.1,9.8,6.6,1.7,0.7,10.8,26.0,106,110,2.1,1.9,4.0,.080
171,Devin Harris,PG,25,NJN,69,2494,21.6,.563,.469,.582,.212,1.4,9.7,5.5,34.4,2.4,0.4,14.0,28.4,113,111,5.9,1.7,7.5,.145
172,Jason Hart,PG,30,TOT,39,348,6.5,.375,.319,.245,.064,4.2,11.2,7.6,20.9,1.8,0.9,17.4,16.5,85,112,-0.5,0.2,-0.3,-0.048
172,Jason Hart,PG,30,LAC,28,312,6.1,.352,.298,.226,.048,4.3,11.4,7.8,20.8,2.0,0.9,17.1,16.3,82,112,-0.6,0.2,-0.4,-0.058
172,Jason Hart,PG,30,DEN,11,36,9.8,.553,.500,.400,.200,3.3,9.4,6.5,21.8,0.0,0.0,20.3,18.3,104,114,0.0,0.0,0.0,.043
173,Udonis Haslem,PF,28,MIA,75,2560,13.1,.553,.518,.264,.000,7.8,21.2,14.4,5.3,0.9,0.8,10.3,14.7,113,108,3.0,2.6,5.7,.106
174,Trenton Hassell,SF,29,NJN,53,1094,7.2,.480,.455,.131,.042,5.4,10.6,7.9,7.1,1.0,1.2,12.9,9.9,103,114,0.2,0.4,0.7,.029
175,Spencer Hawes,C,20,SAC,77,2259,13.0,.509,.491,.170,.144,7.6,20.9,14.2,11.3,1.0,3.1,15.7,20.2,98,113,-0.4,1.2,0.8,.016
176,Chuck Hayes,C,25,HOU,71,858,7.8,.375,.372,.168,.035,10.5,23.0,17.0,7.0,2.1,1.6,17.1,7.9,98,100,-0.1,1.7,1.6,.092
177,Jarvis Hayes,SF,27,NJN,74,1832,10.8,.537,.527,.090,.423,1.7,15.8,8.7,4.9,1.5,0.3,7.6,16.6,105,112,1.0,1.2,2.1,.055
178,Brendan Haywood,C,29,WAS,6,175,14.9,.490,.480,.420,.000,8.5,21.4,14.8,7.3,1.2,7.0,13.2,17.7,99,109,0.0,0.2,0.2,.041
179,Luther Head,PG-SG,26,TOT,32,498,9.9,.482,.451,.167,.375,1.4,10.7,6.2,18.1,1.8,0.3,13.9,16.8,100,107,0.0,0.6,0.6,.058
179,Luther Head,PG,26,HOU,22,322,9.8,.491,.455,.158,.376,1.1,8.4,4.9,17.4,1.0,0.2,12.9,17.9,101,108,0.0,0.3,0.4,.058
179,Luther Head,SG,26,MIA,10,176,10.2,.462,.442,.186,.372,2.0,15.1,8.5,19.5,3.3,0.5,16.2,14.8,97,105,0.0,0.3,0.2,.059
180,Walter Herrmann,SF,29,DET,59,630,11.4,.514,.495,.121,.580,5.2,15.1,10.1,5.6,0.6,0.5,7.2,17.8,107,110,0.5,0.5,1.0,.074
Rk,Player,Pos,Age,Tm,G,MP,PER,TS%,eFG%,FTr,3PAr,ORB%,DRB%,TRB%,AST%,STL%,BLK%,TOV%,USG%,ORtg,DRtg,OWS,DWS,WS,WS/48
181,Roy Hibbert,C,22,IND,70,1009,16.1,.510,.471,.350,.000,12.4,14.1,13.3,7.9,1.0,5.6,10.2,23.3,107,107,1.0,1.2,2.1,.102
182,J.J. Hickson,C,20,CLE,62,705,12.5,.548,.515,.345,.000,9.1,18.4,13.9,2.1,1.1,3.4,16.8,18.0,102,101,0.2,1.3,1.5,.101
183,Nene Hilario,C,26,DEN,77,2510,18.8,.645,.604,.519,.007,8.7,18.7,13.8,7.1,1.9,3.1,14.4,18.1,120,105,5.6,3.7,9.3,.177
184,George Hill,PG,22,SAS,77,1270,11.6,.502,.435,.392,.196,2.9,11.9,7.4,16.6,1.9,1.2,14.5,19.5,101,104,0.2,2.0,2.1,.080
185,Grant Hill,SF,36,PHO,82,2445,15.2,.584,.540,.301,.102,3.2,15.7,9.7,11.0,1.8,1.6,13.0,17.5,114,111,3.5,1.9,5.3,.104
186,Steven Hill,PF,23,OKC,1,2,88.3,1.000,1.000,.000,.000,100.0,58.6,86.4,0.0,0.0,0.0,0.0,22.1,205,103,0.0,0.0,0.0,.873
187,Kirk Hinrich,SG,28,CHI,51,1339,13.9,.551,.519,.205,.403,1.4,9.1,5.3,22.7,2.5,1.0,16.0,18.1,108,109,1.3,1.3,2.6,.092
188,Ryan Hollins,C,24,TOT,45,444,12.9,.569,.532,.766,.000,12.4,13.4,12.9,2.5,0.8,5.7,16.0,15.7,110,106,0.5,0.6,1.0,.110
188,Ryan Hollins,C,24,CHA,18,184,15.3,.613,.543,1.114,.000,12.9,11.4,12.1,3.5,0.9,7.6,16.1,15.9,118,104,0.3,0.3,0.6,.158
188,Ryan Hollins,C,24,DAL,27,260,11.3,.537,.525,.559,.000,12.0,14.9,13.5,1.7,0.8,4.3,16.0,15.5,105,108,0.1,0.3,0.4,.076
189,Al Horford,C,22,ATL,67,2242,17.0,.565,.525,.345,.002,7.6,25.0,16.3,11.9,1.3,3.3,13.1,16.4,114,104,3.3,3.5,6.8,.145
190,Eddie House,PG,30,BOS,81,1479,15.4,.592,.579,.095,.607,0.9,11.5,6.5,10.3,2.2,0.4,8.6,20.1,115,103,2.5,2.4,4.9,.158
191,Dwight Howard,C,23,ORL,79,2821,25.4,.600,.572,.867,.002,13.8,29.5,21.8,7.3,1.4,5.9,15.1,26.1,113,95,6.2,7.6,13.8,.234
192,Josh Howard,SF,28,DAL,52,1663,17.0,.532,.488,.281,.215,4.1,14.0,9.1,8.6,1.7,1.3,9.2,26.7,106,109,1.5,1.7,3.2,.091
193,Juwan Howard,SF-PF,35,TOT,42,472,10.9,.534,.510,.231,.000,7.9,11.9,9.9,9.7,0.8,1.0,13.8,18.8,104,109,0.2,0.4,0.7,.067
193,Juwan Howard,PF,35,DEN,3,22,9.6,.500,.500,.000,.000,5.4,15.4,10.6,12.5,2.3,3.5,0.0,4.0,144,104,0.0,0.0,0.1,.141
193,Juwan Howard,SF,35,CHA,39,450,10.9,.535,.510,.234,.000,8.0,11.7,9.9,9.6,0.7,0.9,14.0,19.5,103,109,0.2,0.4,0.6,.064
194,Larry Hughes,SF-SG,30,TOT,55,1479,13.4,.515,.469,.260,.346,1.2,11.0,6.0,12.6,2.5,0.7,10.3,20.6,104,109,0.8,1.3,2.1,.070
194,Larry Hughes,SF,30,CHI,30,792,14.4,.525,.477,.266,.331,0.9,12.7,6.8,11.9,2.3,0.8,9.5,21.4,106,108,0.6,0.8,1.4,.088
194,Larry Hughes,SG,30,NYK,25,687,12.3,.504,.460,.253,.365,1.5,9.1,5.2,13.3,2.6,0.5,11.2,19.7,102,110,0.2,0.5,0.7,.049
195,Kris Humphries,SF,23,TOR,29,265,16.3,.513,.422,.533,.000,10.7,20.2,15.5,6.0,1.6,1.8,6.7,20.7,112,108,0.4,0.3,0.7,.125
196,Lindsey Hunter,PG,38,CHI,28,266,7.9,.433,.427,.061,.585,0.9,4.3,2.6,20.4,3.9,0.3,18.4,17.3,89,108,-0.3,0.3,0.0,-0.003
197,Othello Hunter,PF,22,ATL,16,92,12.1,.495,.550,.250,.000,11.5,19.1,15.3,1.7,1.2,4.2,8.3,12.3,106,105,0.0,0.1,0.2,.092
198,Andre Iguodala,SF,25,PHI,82,3269,18.4,.560,.507,.454,.228,3.3,14.0,8.6,22.4,2.1,0.9,13.9,22.3,112,108,5.6,3.5,9.2,.134
199,Zydrunas Ilgauskas,C,33,CLE,65,1765,18.0,.523,.483,.240,.054,11.0,21.6,16.5,6.4,0.9,3.8,10.1,23.8,108,101,2.1,3.5,5.6,.151
200,Didier Ilunga-Mbenga,C,28,LAL,23,181,13.9,.504,.474,.140,.018,5.7,13.6,9.7,7.2,2.8,10.2,17.7,17.8,95,97,-0.1,0.4,0.3,.091
Rk,Player,Pos,Age,Tm,G,MP,PER,TS%,eFG%,FTr,3PAr,ORB%,DRB%,TRB%,AST%,STL%,BLK%,TOV%,USG%,ORtg,DRtg,OWS,DWS,WS,WS/48
201,Allen Iverson,PG-SG,33,TOT,57,2093,15.8,.504,.434,.416,.119,1.7,8.2,4.9,23.1,2.3,0.2,12.9,25.7,103,109,0.9,1.9,2.9,.066
201,Allen Iverson,SG,33,DEN,3,123,15.2,.549,.475,.625,.200,2.9,4.6,3.8,25.9,1.2,0.6,16.4,22.1,109,113,0.2,0.1,0.2,.087
201,Allen Iverson,PG,33,DET,54,1970,15.9,.502,.432,.406,.115,1.6,8.4,5.0,23.0,2.4,0.2,12.7,25.9,102,109,0.8,1.9,2.7,.065
202,Royal Ivey,SG,27,PHI,71,861,7.6,.465,.425,.207,.548,2.6,8.0,5.3,7.4,2.2,0.7,9.2,13.2,102,110,0.2,0.8,0.9,.052
203,Jarrett Jack,SG,25,IND,82,2716,13.1,.554,.498,.308,.259,1.8,9.5,5.6,18.6,1.6,0.5,16.0,18.5,107,111,2.3,1.8,4.1,.073
204,Bobby Jackson,PG,35,SAC,71,1484,12.4,.502,.460,.208,.406,3.3,12.5,7.9,15.5,2.1,0.2,11.1,18.0,104,115,0.8,0.4,1.2,.038
205,Darnell Jackson,PF,23,CLE,51,430,7.2,.483,.430,.407,.023,9.2,14.7,12.0,2.7,1.3,0.7,12.1,12.7,105,104,0.2,0.7,0.8,.094
206,Stephen Jackson,SF,30,GSW,59,2339,16.1,.530,.466,.357,.306,3.3,10.8,7.1,25.6,1.8,0.9,16.6,25.2,104,114,1.5,0.7,2.2,.045
207,Jerome James,C,33,NYK,2,10,12.5,.375,.375,.000,.000,10.6,22.6,16.4,0.0,5.0,7.3,11.1,39.2,73,96,-0.1,0.0,0.0,-0.162
208,LeBron James,SF,24,CLE,81,3054,31.7,.591,.530,.472,.238,4.3,19.0,11.9,38.0,2.4,2.4,11.0,33.8,122,99,13.7,6.5,20.3,.318
209,Mike James,PG,33,TOT,61,1649,9.7,.483,.450,.160,.358,1.7,7.9,4.7,19.1,1.4,0.3,14.6,17.8,99,117,-0.2,0.0,-0.1,-0.004
209,Mike James,PG,33,NOH,8,74,5.8,.386,.380,.080,.160,1.6,9.8,5.7,17.2,1.5,0.0,10.4,18.8,86,110,-0.1,0.1,0.0,-0.031
209,Mike James,PG,33,WAS,53,1575,9.9,.487,.454,.164,.368,1.7,7.8,4.7,19.2,1.4,0.3,14.8,17.8,99,117,-0.1,0.0,-0.1,-0.003
210,Antawn Jamison,PF,32,WAS,81,3096,20.6,.549,.507,.314,.221,7.2,20.5,13.7,9.1,1.6,0.7,7.1,25.9,114,113,6.6,1.6,8.1,.126
211,Marko Jaric,SG,30,MEM,53,605,7.3,.417,.369,.283,.193,4.6,8.6,6.6,19.0,2.6,1.5,23.1,16.4,85,109,-0.9,0.5,-0.4,-0.030
212,Nathan Jawai,PF,22,TOR,6,19,-7.6,.250,.250,.000,.000,6.2,6.1,6.2,0.0,0.0,0.0,33.3,14.6,44,117,-0.1,0.0,-0.1,-0.233
213,Al Jefferson,C,24,MIN,50,1836,23.1,.532,.497,.258,.004,10.6,24.9,17.5,8.8,1.1,3.5,7.8,28.9,109,108,2.9,2.0,4.9,.128
214,Dontell Jefferson,SG,25,CHA,6,84,12.7,.559,.523,.409,.091,1.5,16.1,8.8,18.2,2.6,1.0,18.8,18.0,103,104,0.0,0.1,0.2,.089
215,Richard Jefferson,SF,28,MIL,82,2939,15.4,.554,.487,.424,.239,2.2,13.3,7.5,11.7,1.2,0.4,10.2,24.6,110,110,4.2,2.4,6.6,.109
216,Jared Jeffries,SF,27,NYK,56,1310,9.4,.473,.441,.330,.044,10.4,8.9,9.7,8.7,1.8,1.8,17.2,12.5,102,111,0.3,0.9,1.2,.045
217,Yi Jianlian,PF,21,NJN,61,1421,10.9,.474,.430,.246,.280,5.5,22.0,13.7,7.0,1.1,2.1,11.2,20.5,96,110,-0.5,1.3,0.7,.024
218,Amir Johnson,PF,21,DET,62,911,13.5,.608,.595,.215,.000,13.1,17.2,15.1,3.4,1.2,5.1,15.6,11.1,120,105,1.4,1.3,2.7,.142
219,Anthony Johnson,PG,34,ORL,80,1481,10.3,.505,.472,.213,.349,2.3,8.8,5.6,21.2,1.6,0.2,16.4,15.5,104,105,0.7,2.1,2.8,.091
220,Joe Johnson,SG,27,ATL,79,3124,18.2,.534,.489,.255,.292,2.4,10.5,6.5,26.4,1.4,0.5,11.0,26.6,110,110,5.1,2.5,7.6,.116
Rk,Player,Pos,Age,Tm,G,MP,PER,TS%,eFG%,FTr,3PAr,ORB%,DRB%,TRB%,AST%,STL%,BLK%,TOV%,USG%,ORtg,DRtg,OWS,DWS,WS,WS/48
221,Linton Johnson,PF,28,TOT,10,55,3.4,.409,.409,.000,.182,6.3,10.4,8.3,5.3,0.9,0.0,15.4,10.5,89,112,0.0,0.0,0.0,-0.004
221,Linton Johnson,PF,28,CHA,2,13,-1.5,,,,,0.0,0.0,0.0,0.0,0.0,0.0,,0.0,,115,0.0,0.0,0.0,.010
221,Linton Johnson,PF,28,CHI,8,42,5.0,.409,.409,.000,.182,8.2,13.6,10.9,6.9,1.2,0.0,15.4,13.8,89,111,0.0,0.0,0.0,-0.008
222,Trey Johnson,SG,24,CLE,4,14,-9.3,.296,.000,.800,.000,0.0,8.2,4.3,0.0,0.0,0.0,12.9,26.2,62,109,-0.1,0.0,-0.1,-0.205
223,Dahntay Jones,SG,28,DEN,79,1426,9.0,.533,.475,.449,.051,4.9,8.7,6.8,8.2,1.7,1.0,14.5,14.7,105,110,0.7,1.3,2.0,.067
224,Damon Jones,PG,32,MIL,18,108,6.2,.485,.485,.000,.824,0.0,6.9,3.3,9.8,1.4,0.0,15.0,16.6,91,111,-0.1,0.1,0.0,-0.007
225,Dwayne Jones,PF,25,CHA,6,52,8.0,.622,.571,.857,.000,14.4,14.2,14.3,0.0,0.0,1.6,29.3,12.4,102,110,0.0,0.0,0.1,.051
226,Fred Jones,SF,29,LAC,52,1495,10.4,.536,.492,.256,.464,1.7,8.2,4.9,19.1,1.8,0.5,15.8,12.8,109,114,1.1,0.5,1.6,.052
227,James Jones,SF,28,MIA,40,630,8.4,.520,.480,.208,.644,2.3,9.6,5.9,4.7,1.0,1.8,6.9,13.0,108,111,0.4,0.5,0.9,.065
228,Solomon Jones,C,24,ATL,63,675,12.0,.655,.608,.667,.018,9.1,15.6,12.3,3.4,0.6,3.9,15.8,11.8,124,108,1.2,0.7,1.9,.138
229,DeAndre Jordan,C,20,LAC,53,771,14.1,.585,.633,.741,.000,10.5,25.5,17.8,2.3,0.7,5.7,17.4,13.9,105,107,0.4,0.9,1.3,.079
230,Chris Kaman,C,26,LAC,31,921,14.4,.552,.528,.246,.000,9.1,22.2,15.5,8.8,1.0,3.6,19.9,20.9,97,109,-0.3,0.8,0.6,.030
231,Jason Kapono,SG,27,TOR,80,1831,8.9,.525,.513,.070,.379,1.7,8.7,5.2,9.1,0.6,0.1,10.1,17.4,101,115,0.3,0.5,0.8,.021
232,Jason Kidd,PG,35,DAL,81,2886,16.9,.550,.522,.170,.523,3.4,16.4,9.9,34.7,2.9,1.0,21.8,13.5,116,106,4.6,3.9,8.5,.141
233,Tarence Kinsey,SG,24,CLE,50,277,11.0,.595,.500,.551,.261,4.5,11.6,8.2,5.5,2.3,0.0,20.4,18.3,105,103,0.2,0.5,0.6,.105
234,Andrei Kirilenko,PF,27,UTA,67,1831,16.8,.549,.467,.546,.128,5.5,15.3,10.4,14.7,2.3,3.3,14.6,20.3,109,105,2.0,2.6,4.6,.122
235,Linas Kleiza,SF,24,DEN,82,1824,13.2,.552,.515,.316,.413,6.0,14.5,10.4,5.7,0.9,0.6,10.0,20.0,110,110,2.1,1.5,3.6,.095
236,Brevin Knight,PG,33,UTA,74,938,9.5,.414,.349,.339,.032,1.7,9.5,5.6,28.1,3.7,0.3,23.3,13.5,93,105,-0.6,1.3,0.7,.035
237,Kyle Korver,SF,27,UTA,78,1874,12.1,.572,.529,.227,.477,2.2,14.2,8.2,11.1,1.3,1.3,12.8,16.9,110,109,1.9,1.8,3.7,.095
238,Kosta Koufos,C,19,UTA,48,565,15.2,.540,.508,.276,.000,10.6,18.6,14.6,5.7,1.1,4.3,11.1,18.5,109,106,0.6,0.7,1.3,.112
239,Nenad Krstic,C,25,OKC,46,1141,13.6,.504,.469,.194,.000,8.4,17.2,12.8,4.3,0.9,3.2,9.2,18.9,104,109,0.6,1.1,1.7,.070
240,Rob Kurz,SF,23,GSW,40,442,11.8,.513,.447,.382,.290,8.1,11.8,10.0,6.5,1.5,3.0,9.5,16.3,111,113,0.5,0.2,0.7,.074
Rk,Player,Pos,Age,Tm,G,MP,PER,TS%,eFG%,FTr,3PAr,ORB%,DRB%,TRB%,AST%,STL%,BLK%,TOV%,USG%,ORtg,DRtg,OWS,DWS,WS,WS/48
241,Carl Landry,PF,25,HOU,69,1467,17.7,.634,.575,.462,.007,10.3,16.7,13.6,4.6,0.9,1.5,11.9,18.1,123,104,3.7,2.2,5.9,.193
242,Acie Law,PG,24,ATL,55,560,10.6,.490,.406,.432,.209,1.3,10.9,6.1,23.4,1.1,0.4,14.9,16.3,105,111,0.3,0.4,0.7,.062
243,Courtney Lee,SG,23,ORL,77,1939,10.7,.556,.526,.174,.376,1.1,9.1,5.2,7.6,2.0,0.5,10.6,15.5,107,104,1.3,3.1,4.4,.108
244,David Lee,C,25,NYK,81,2824,19.0,.590,.549,.347,.003,9.6,27.9,18.4,10.1,1.4,0.6,12.0,19.2,118,108,5.9,3.1,9.0,.154
245,Rashard Lewis,PF,29,ORL,79,2859,16.8,.580,.540,.247,.509,3.7,13.9,8.9,12.5,1.5,1.3,11.6,22.0,113,103,4.7,4.8,9.5,.160
246,Shaun Livingston,PG,23,TOT,12,231,12.1,.551,.517,.167,.000,1.5,12.7,7.0,13.9,1.6,0.6,12.3,14.2,109,111,0.2,0.2,0.4,.074
246,Shaun Livingston,PG,23,MIA,4,41,5.4,.461,.375,.500,.000,0.0,5.9,2.9,14.2,2.6,0.0,23.5,14.6,85,110,-0.1,0.0,0.0,-0.021
246,Shaun Livingston,PG,23,OKC,8,190,13.5,.567,.538,.115,.000,1.8,14.2,7.9,13.8,1.3,0.8,9.9,14.1,115,111,0.2,0.1,0.4,.095
247,Brook Lopez,C,20,NJN,82,2501,17.9,.568,.531,.257,.002,10.6,21.2,15.8,6.2,0.9,4.9,13.5,20.3,110,108,3.2,2.7,5.8,.112
248,Robin Lopez,C,20,PHO,60,614,11.6,.566,.518,.496,.007,10.3,12.1,11.2,1.8,0.9,4.9,14.4,14.0,112,111,0.6,0.4,1.1,.083
249,Kevin Love,C,20,MIN,81,2048,18.3,.538,.461,.488,.028,15.1,27.3,21.0,6.8,0.9,1.9,12.4,21.0,112,109,3.4,1.9,5.3,.124
250,Kyle Lowry,PG,22,TOT,77,1679,14.4,.547,.464,.521,.226,1.9,11.6,6.8,26.4,2.2,0.8,18.0,18.1,109,108,1.8,1.8,3.6,.103
250,Kyle Lowry,PG,22,MEM,49,1071,14.1,.540,.443,.592,.254,1.5,11.4,6.4,26.9,2.4,0.6,18.7,18.4,107,110,0.9,0.9,1.8,.081
250,Kyle Lowry,PG,22,HOU,28,608,15.0,.561,.500,.401,.179,2.6,12.0,7.5,25.7,1.8,1.1,16.6,17.5,113,104,0.9,0.9,1.8,.143
251,Tyronn Lue,PG,31,TOT,44,521,10.3,.537,.522,.117,.383,1.3,9.2,5.2,18.6,0.8,0.0,11.9,16.8,108,111,0.5,0.4,0.8,.078
251,Tyronn Lue,PG,31,MIL,30,392,10.6,.559,.542,.134,.378,1.7,9.2,5.3,18.8,0.8,0.0,14.3,16.8,109,112,0.4,0.2,0.6,.073
251,Tyronn Lue,PG,31,ORL,14,129,9.4,.474,.465,.070,.395,0.0,9.4,4.8,17.8,0.8,0.0,4.3,16.6,107,106,0.1,0.2,0.3,.093
252,Mark Madsen,C,33,MIN,19,116,-0.1,.190,.214,.286,.000,9.7,8.4,9.1,4.7,0.5,0.7,16.0,7.3,71,116,-0.2,0.0,-0.1,-0.061
253,Corey Maggette,PF,29,GSW,51,1588,16.9,.582,.479,.655,.150,3.4,16.0,9.7,9.2,1.4,0.3,12.8,25.2,112,114,2.8,0.6,3.3,.100
254,Jamaal Magloire,C,30,MIA,55,709,10.6,.505,.496,.458,.000,13.7,23.8,18.7,4.6,0.8,2.9,16.9,12.5,106,106,0.4,0.9,1.3,.089
255,Stephon Marbury,PG,31,BOS,23,414,4.4,.377,.369,.117,.225,0.6,7.3,4.1,26.6,1.3,0.6,24.1,17.3,81,106,-0.9,0.5,-0.3,-0.038
256,Shawn Marion,SF,30,TOT,69,2470,16.0,.522,.491,.187,.067,8.6,19.7,14.2,9.3,1.9,2.1,11.0,18.1,107,106,2.1,3.1,5.2,.101
256,Shawn Marion,SF,30,MIA,42,1516,15.7,.522,.491,.191,.090,8.4,20.5,14.4,8.2,2.0,2.4,10.4,16.7,109,105,1.4,2.2,3.6,.113
256,Shawn Marion,SF,30,TOR,27,954,16.4,.523,.491,.181,.038,9.1,18.4,13.8,10.9,1.7,1.7,11.7,20.2,105,108,0.7,1.0,1.6,.082
257,Sean Marks,C,33,NOH,60,838,8.8,.521,.491,.267,.061,9.0,18.0,13.5,2.6,0.5,3.3,16.0,12.6,103,107,0.2,1.0,1.2,.067
258,Donyell Marshall,PF,35,PHI,25,189,18.9,.621,.623,.082,.753,3.8,21.7,12.7,13.6,1.1,2.1,7.3,19.7,127,107,0.6,0.2,0.8,.201
259,Cartier Martin,SF,24,CHA,33,266,9.2,.489,.429,.325,.429,3.3,12.0,7.7,8.0,1.6,1.2,9.3,17.2,103,107,0.1,0.3,0.4,.070
260,Kenyon Martin,PF,31,DEN,66,2111,13.6,.523,.502,.304,.059,4.6,16.8,10.9,10.0,2.3,2.7,12.4,17.7,104,105,0.9,3.1,4.0,.090
Rk,Player,Pos,Age,Tm,G,MP,PER,TS%,eFG%,FTr,3PAr,ORB%,DRB%,TRB%,AST%,STL%,BLK%,TOV%,USG%,ORtg,DRtg,OWS,DWS,WS,WS/48
261,Kevin Martin,SG,25,SAC,51,1947,19.2,.601,.491,.650,.342,1.7,9.3,5.5,12.3,1.6,0.3,12.3,27.4,115,117,4.7,0.1,4.7,.117
262,Desmond Mason,SG,31,OKC,39,1064,7.1,.456,.435,.298,.011,4.4,12.8,8.5,6.7,0.7,2.1,14.8,15.7,90,111,-1.0,0.7,-0.3,-0.012
263,Roger Mason,SG,28,SAS,82,2496,11.9,.554,.526,.144,.479,0.8,11.1,6.0,11.1,0.9,0.4,10.3,18.9,107,107,1.9,2.9,4.7,.091
264,Jason Maxiell,C,25,DET,78,1408,15.8,.580,.575,.494,.003,14.0,13.2,13.7,2.8,1.0,3.5,10.4,14.7,120,108,2.6,1.5,4.1,.141
265,Sean May,PF,24,CHA,24,301,6.2,.435,.403,.204,.010,8.3,20.0,14.2,5.6,0.9,1.1,19.6,20.8,82,106,-0.7,0.4,-0.3,-0.045
266,O.J. Mayo,SG,21,MEM,82,3120,14.2,.539,.495,.219,.295,2.2,10.1,6.1,15.5,1.6,0.3,13.8,24.5,103,112,1.5,1.8,3.4,.052
267,Luc Mbah a Moute,PF,22,MIL,82,2114,12.3,.516,.462,.391,.008,10.1,17.4,13.6,6.3,2.1,1.8,14.8,14.3,106,106,1.2,2.8,4.0,.092
268,Rashad McCants,SG,24,TOT,58,1101,13.0,.504,.458,.289,.387,2.2,9.7,5.8,10.7,2.2,1.0,10.4,25.1,100,113,0.0,0.5,0.6,.025
268,Rashad McCants,SG,24,MIN,34,636,9.9,.470,.425,.277,.408,1.9,9.9,5.8,8.5,2.2,0.7,12.1,26.4,92,111,-0.7,0.4,-0.3,-0.024
268,Rashad McCants,SG,24,SAC,24,465,17.2,.553,.508,.306,.357,2.5,9.4,5.9,13.7,2.2,1.3,7.9,23.3,112,115,0.8,0.1,0.9,.092
269,Antonio McDyess,PF,34,DET,62,1866,16.6,.529,.510,.164,.000,11.6,27.2,19.3,7.3,1.2,2.1,8.3,15.7,115,104,2.8,2.8,5.6,.144
270,JaVale McGee,C,21,WAS,75,1143,17.0,.534,.494,.419,.000,12.0,18.4,15.1,3.4,1.5,5.4,11.7,20.7,107,110,1.1,0.9,2.0,.084
271,Tracy McGrady,SG,29,HOU,35,1181,16.3,.492,.433,.322,.241,2.1,12.7,7.6,25.2,1.9,0.9,11.1,24.5,105,104,0.9,1.8,2.7,.108
272,Dominic McGuire,SF,23,WAS,79,2072,10.8,.483,.435,.315,.012,6.2,18.4,12.1,13.8,1.6,2.9,20.0,10.1,103,112,0.5,1.3,1.7,.040
273,Josh McRoberts,PF,21,IND,33,279,12.5,.451,.422,.157,.120,10.2,19.1,14.6,8.4,2.1,4.3,11.9,15.7,100,105,0.0,0.4,0.4,.073
274,Pops Mensah-Bonsu,PF,25,TOT,22,283,14.5,.447,.379,.466,.019,23.1,23.8,23.5,3.3,1.7,1.4,13.3,23.4,99,107,0.0,0.4,0.3,.058
274,Pops Mensah-Bonsu,PF,25,SAS,3,20,35.8,.744,.714,1.000,.000,30.2,29.4,29.8,0.0,2.7,3.7,16.6,29.3,134,95,0.1,0.1,0.2,.418
274,Pops Mensah-Bonsu,PF,25,TOR,19,263,12.9,.421,.354,.427,.021,22.5,23.4,23.0,3.6,1.6,1.2,13.0,23.0,96,107,-0.1,0.3,0.2,.031
275,Chris Mihm,C,29,LAL,18,105,10.0,.418,.375,.175,.000,16.4,20.2,18.3,13.7,0.5,4.4,18.8,22.2,92,104,-0.1,0.2,0.1,.026
276,C.J. Miles,SG,21,UTA,72,1623,11.8,.546,.515,.158,.319,3.3,9.0,6.1,10.4,1.5,0.7,9.6,18.4,109,110,1.6,1.3,2.9,.086
277,Darius Miles,SF,27,MEM,34,298,16.1,.533,.490,.313,.061,7.7,15.9,11.7,10.1,2.0,5.5,15.7,21.0,102,106,0.1,0.4,0.5,.077
278,Darko Milicic,C,23,MEM,61,1034,13.8,.533,.515,.395,.000,9.7,21.8,15.7,5.6,1.1,4.0,13.3,16.3,106,107,0.7,1.2,1.9,.088
279,Andre Miller,PG,32,PHI,82,2976,18.6,.548,.480,.393,.051,4.9,9.9,7.4,30.2,2.0,0.4,14.0,21.8,115,110,6.2,2.5,8.8,.141
280,Brad Miller,C,32,TOT,70,2100,16.7,.566,.494,.443,.091,8.3,21.9,15.0,17.9,1.3,1.3,15.1,18.4,114,111,3.6,1.5,5.1,.117
280,Brad Miller,C,32,SAC,43,1354,15.7,.562,.500,.402,.111,7.1,22.7,14.8,17.8,1.1,1.3,15.4,17.9,112,113,1.9,0.6,2.6,.091
280,Brad Miller,C,32,CHI,27,746,18.6,.574,.485,.513,.058,10.3,20.5,15.4,18.0,1.5,1.2,14.5,19.4,118,107,1.7,0.9,2.6,.165
Rk,Player,Pos,Age,Tm,G,MP,PER,TS%,eFG%,FTr,3PAr,ORB%,DRB%,TRB%,AST%,STL%,BLK%,TOV%,USG%,ORtg,DRtg,OWS,DWS,WS,WS/48
281,Mike Miller,SF,28,MIN,73,2356,13.8,.588,.559,.272,.411,3.5,21.2,12.0,21.6,0.7,1.0,19.1,14.5,112,112,2.8,1.4,4.2,.086
282,Paul Millsap,PF,23,UTA,76,2290,18.6,.576,.534,.435,.005,13.1,21.0,17.0,9.8,1.8,2.5,12.6,20.0,116,105,4.5,3.3,7.7,.162
283,Yao Ming,C,28,HOU,77,2589,22.7,.618,.549,.426,.001,9.6,24.1,17.1,10.0,0.6,4.2,16.0,26.2,114,101,5.6,5.0,10.6,.196
284,Cuttino Mobley,SG,33,LAC,11,365,10.3,.491,.473,.123,.240,2.8,6.5,4.6,5.8,2.1,0.4,10.5,21.5,94,114,-0.3,0.1,-0.1,-0.017
285,Nazr Mohammed,C,31,CHA,39,341,7.7,.438,.406,.396,.000,12.8,15.9,14.3,3.9,0.8,3.9,16.2,19.6,89,106,-0.4,0.5,0.0,.004
286,Jamario Moon,SF,28,TOT,80,2068,13.3,.567,.537,.169,.386,3.3,17.5,10.4,7.0,2.2,2.3,7.8,12.4,116,107,2.4,2.5,4.9,.114
286,Jamario Moon,SF,28,TOR,54,1379,14.2,.569,.533,.205,.347,4.1,16.9,10.6,7.7,2.5,2.5,8.2,12.6,116,107,1.7,1.7,3.4,.119
286,Jamario Moon,SF,28,MIA,26,689,11.6,.562,.545,.096,.465,1.7,18.6,10.1,5.5,1.6,1.9,6.8,12.0,114,107,0.6,0.8,1.5,.103
287,Mikki Moore,PF-C,33,TOT,70,1202,8.9,.593,.553,.296,.000,7.6,17.7,12.7,6.6,0.7,1.2,17.1,10.6,114,111,1.2,0.9,2.1,.083
287,Mikki Moore,PF,33,SAC,46,746,8.6,.574,.521,.347,.000,7.0,16.9,11.9,5.6,0.9,1.4,16.2,10.0,113,115,0.6,0.2,0.8,.052
287,Mikki Moore,C,33,BOS,24,456,9.3,.621,.600,.224,.000,8.7,19.1,14.1,8.3,0.5,0.9,18.4,11.7,117,104,0.6,0.7,1.3,.135
288,Randolph Morris,C,23,ATL,23,89,1.8,.480,.412,.235,.000,5.3,21.0,13.2,3.3,1.2,0.9,27.2,13.6,81,106,-0.1,0.1,0.0,-0.013
289,Adam Morrison,SF,24,TOT,52,711,5.7,.448,.430,.103,.430,3.1,10.6,6.9,9.4,0.7,0.5,12.1,17.5,92,110,-0.6,0.6,0.0,.001
289,Adam Morrison,SF,24,CHA,44,667,5.8,.452,.434,.100,.436,3.0,10.3,6.7,9.4,0.7,0.5,11.6,17.6,92,110,-0.5,0.5,0.1,.004
289,Adam Morrison,SF,24,LAL,8,44,2.9,.388,.375,.167,.333,5.2,15.2,10.3,9.2,0.0,0.0,18.9,15.9,81,110,-0.1,0.0,0.0,-0.045
290,Anthony Morrow,SG,23,GSW,67,1515,14.7,.588,.558,.172,.345,5.6,8.7,7.1,8.2,1.2,0.5,8.3,17.7,119,117,3.0,0.0,3.0,.096
291,Troy Murphy,PF,28,IND,73,2482,17.8,.614,.580,.240,.467,6.4,32.0,19.1,10.4,1.2,1.0,11.9,16.9,120,106,5.2,3.4,8.5,.165
292,Ronald Murray,SG,29,ATL,80,1975,14.7,.543,.501,.293,.304,1.3,8.7,5.0,14.0,2.4,0.7,12.5,24.3,104,109,1.2,2.0,3.1,.076
293,Dikembe Mutombo,C,42,HOU,9,96,10.8,.472,.385,.692,.000,15.2,24.5,20.0,0.0,0.0,8.3,26.1,11.1,95,99,0.0,0.2,0.2,.088
294,Eduardo Najera,PF,32,NJN,27,319,7.7,.472,.480,.297,.338,6.3,18.9,12.5,9.4,1.7,1.0,17.7,14.9,93,110,-0.2,0.3,0.1,.010
295,Steve Nash,PG,34,PHO,74,2484,19.5,.615,.566,.247,.289,0.9,9.2,5.2,42.4,1.1,0.3,20.8,21.1,119,115,6.7,0.5,7.3,.140
296,DeMarcus Nelson,PG,23,GSW,13,171,6.5,.440,.444,.259,.056,3.8,11.4,7.6,11.3,2.6,0.8,20.0,18.8,82,113,-0.3,0.1,-0.3,-0.071
297,Jameer Nelson,PG,26,ORL,42,1309,20.6,.612,.580,.183,.341,1.8,10.5,6.2,32.1,2.0,0.2,12.6,23.2,121,103,3.9,2.1,6.0,.220
298,Rasho Nesterovic,C,32,IND,70,1214,14.1,.524,.513,.073,.002,8.4,13.5,10.9,14.3,1.2,2.3,12.3,18.5,108,109,1.1,1.1,2.2,.086
299,Demetris Nichols,SF,24,TOT,4,14,8.8,.354,.333,.222,.222,0.0,16.2,7.8,12.2,0.0,5.2,0.0,31.0,82,110,0.0,0.0,0.0,-0.108
299,Demetris Nichols,SF,24,CHI,2,5,-3.5,.250,.250,.000,.250,0.0,0.0,0.0,34.2,0.0,0.0,0.0,35.7,70,118,0.0,0.0,0.0,-0.283
299,Demetris Nichols,SF,24,NYK,2,9,15.7,.425,.400,.400,.200,0.0,25.2,12.2,0.0,0.0,8.1,0.0,28.4,90,106,0.0,0.0,0.0,-0.010
300,Joakim Noah,C,23,CHI,80,1938,16.5,.594,.556,.489,.003,14.5,21.3,17.9,8.1,1.3,4.1,15.4,12.3,123,105,3.8,2.7,6.4,.159
Rk,Player,Pos,Age,Tm,G,MP,PER,TS%,eFG%,FTr,3PAr,ORB%,DRB%,TRB%,AST%,STL%,BLK%,TOV%,USG%,ORtg,DRtg,OWS,DWS,WS,WS/48
301,Andres Nocioni,PF-SF,29,TOT,76,1991,12.2,.555,.515,.261,.444,3.1,17.8,10.5,8.3,1.0,1.2,12.6,20.1,106,111,1.4,1.4,2.8,.068
301,Andres Nocioni,PF,29,CHI,53,1278,11.4,.547,.502,.276,.465,3.1,16.8,9.9,7.4,1.0,0.9,12.7,20.1,105,110,0.8,1.1,1.9,.072
301,Andres Nocioni,SF,29,SAC,23,713,13.6,.568,.538,.234,.405,3.3,19.6,11.4,9.9,0.9,1.8,12.6,20.0,107,114,0.6,0.3,0.9,.060
302,Steve Novak,PF,25,LAC,71,1161,13.5,.606,.595,.058,.722,1.8,10.9,6.2,5.8,0.9,0.3,5.4,16.8,119,115,2.0,0.2,2.2,.092
303,Dirk Nowitzki,PF,30,DAL,81,3050,23.1,.564,.498,.337,.105,3.3,22.1,12.8,12.1,1.0,1.5,7.8,30.3,114,108,7.5,3.4,10.9,.171
304,Patrick O'Bryant,C,22,TOT,39,255,11.8,.544,.536,.238,.024,6.3,24.2,15.5,7.1,1.2,5.9,19.2,20.9,94,101,-0.2,0.5,0.3,.056
304,Patrick O'Bryant,C,22,BOS,26,108,9.5,.551,.516,.387,.000,8.3,29.1,19.1,11.8,1.5,5.9,31.9,23.0,85,95,-0.2,0.3,0.1,.025
304,Patrick O'Bryant,C,22,TOR,13,147,13.5,.540,.547,.151,.038,4.8,20.6,12.8,3.6,1.1,5.8,8.1,19.3,102,106,0.0,0.2,0.2,.079
305,Jermaine O'Neal,C,30,TOT,68,2027,15.4,.522,.474,.288,.001,7.4,17.8,12.6,10.3,0.8,5.3,14.2,23.2,100,107,0.2,2.3,2.6,.060
305,Jermaine O'Neal,C,30,TOR,41,1216,15.4,.526,.473,.305,.002,6.9,20.7,13.9,9.3,0.8,5.2,14.9,23.5,99,107,-0.1,1.4,1.4,.055
305,Jermaine O'Neal,C,30,MIA,27,811,15.5,.514,.475,.262,.000,8.0,13.4,10.7,11.7,0.7,5.4,13.3,22.7,102,108,0.3,0.9,1.2,.069
306,Shaquille O'Neal,C,36,PHO,75,2252,22.3,.623,.609,.617,.001,10.1,22.3,16.4,8.9,1.1,3.5,13.6,24.2,117,109,5.6,2.2,7.8,.166
307,Fabricio Oberto,C,33,SAS,54,677,10.6,.595,.587,.337,.010,11.6,13.4,12.5,12.9,0.6,1.2,24.1,11.3,115,106,0.8,0.8,1.7,.119
308,Greg Oden,C,21,POR,61,1314,18.1,.599,.564,.644,.000,15.7,24.5,20.0,3.9,1.1,4.2,16.2,19.3,116,104,2.6,2.0,4.6,.167
309,Lamar Odom,PF,29,LAL,78,2316,16.6,.542,.516,.366,.147,8.7,22.2,15.5,12.8,1.7,3.3,14.5,18.1,110,102,2.7,4.2,6.9,.143
310,Emeka Okafor,C,26,CHA,82,2691,18.0,.581,.561,.478,.000,12.7,25.2,19.0,3.5,1.0,4.2,13.4,18.9,112,103,3.7,4.6,8.2,.147
311,Mehmet Okur,C,29,UTA,72,2409,17.5,.592,.536,.376,.227,6.1,21.5,13.8,8.1,1.2,1.7,11.3,21.7,115,107,4.5,2.9,7.4,.148
312,Kevin Ollie,PG,36,MIN,50,850,9.9,.525,.407,.640,.007,1.7,8.9,5.2,20.2,1.2,0.4,15.0,12.0,113,114,0.9,0.3,1.2,.067
313,Travis Outlaw,SF,24,POR,81,2246,15.1,.541,.505,.285,.278,3.8,14.6,9.1,6.3,1.2,2.0,8.9,22.0,111,109,3.0,2.3,5.3,.113
314,Zaza Pachulia,C,24,ATL,77,1473,14.1,.571,.497,.719,.009,13.8,20.9,17.4,6.0,1.3,1.4,17.8,16.3,113,106,2.0,1.9,3.9,.127
315,Anthony Parker,SG,33,TOR,80,2637,12.1,.524,.488,.192,.320,2.0,12.0,7.1,15.7,2.0,0.4,12.2,16.3,105,111,1.4,2.0,3.4,.063
316,Tony Parker,PG,26,SAS,72,2456,23.4,.556,.513,.287,.051,1.3,9.4,5.4,40.1,1.5,0.1,11.6,31.7,112,107,5.6,3.0,8.6,.168
317,Chris Paul,PG,23,NOH,78,3002,30.0,.599,.528,.418,.140,2.8,14.6,8.7,54.5,3.9,0.3,13.5,27.5,124,103,13.3,5.0,18.3,.292
318,Sasha Pavlovic,SF,25,CLE,66,1053,8.6,.510,.509,.196,.425,3.6,10.4,7.2,10.5,1.1,1.2,13.8,15.5,102,105,0.2,1.5,1.7,.077
319,Oleksiy Pecherov,C,23,WAS,32,277,14.5,.510,.455,.287,.426,14.4,17.9,16.1,1.2,1.1,0.9,8.1,20.3,111,114,0.4,0.1,0.5,.080
320,Kendrick Perkins,C,24,BOS,76,2253,13.2,.591,.577,.335,.004,11.5,21.4,16.7,6.5,0.5,5.3,23.1,14.8,105,100,1.1,4.5,5.6,.119
Rk,Player,Pos,Age,Tm,G,MP,PER,TS%,eFG%,FTr,3PAr,ORB%,DRB%,TRB%,AST%,STL%,BLK%,TOV%,USG%,ORtg,DRtg,OWS,DWS,WS,WS/48
321,Morris Peterson,SG,31,NOH,43,515,10.7,.499,.489,.104,.464,3.1,16.6,9.9,5.2,1.6,0.3,7.3,19.3,100,107,0.0,0.6,0.6,.058
322,Johan Petro,C,23,TOT,49,559,8.1,.429,.415,.165,.011,8.7,23.9,16.3,4.5,1.7,2.0,12.9,17.2,90,105,-0.6,0.8,0.2,.018
322,Johan Petro,C,23,OKC,22,342,9.3,.426,.407,.133,.009,8.9,23.3,16.0,2.8,2.4,1.1,11.1,17.4,90,106,-0.3,0.5,0.1,.019
322,Johan Petro,C,23,DEN,27,217,6.4,.434,.429,.222,.016,8.3,25.0,16.9,7.1,0.7,3.6,15.8,16.9,88,104,-0.2,0.3,0.1,.017
323,Paul Pierce,SF,31,BOS,81,3035,17.7,.582,.508,.468,.257,2.4,15.4,9.2,16.3,1.4,0.7,13.8,25.4,112,104,5.5,4.8,10.3,.164
324,Mickael Pietrus,SG,26,ORL,54,1329,11.6,.538,.507,.258,.523,3.8,10.9,7.5,8.0,1.2,1.3,10.6,18.4,106,104,1.0,2.0,3.0,.108
325,James Posey,SG,32,NOH,75,2140,10.8,.568,.523,.279,.599,2.2,18.3,10.2,6.0,1.5,0.8,11.8,15.0,109,107,1.7,2.6,4.2,.095
326,Leon Powe,PF,25,BOS,70,1227,17.2,.591,.524,.790,.000,15.1,18.9,17.1,6.0,1.0,2.5,14.3,20.2,117,102,2.7,2.2,4.9,.192
327,Josh Powell,PF,26,LAL,60,703,9.9,.479,.444,.209,.000,11.6,16.7,14.1,5.6,0.7,1.9,16.3,19.5,97,106,-0.3,0.9,0.6,.043
328,Ronnie Price,PG,25,UTA,52,738,8.5,.465,.426,.222,.300,1.9,9.2,5.6,21.3,2.7,0.5,21.5,17.2,91,108,-0.7,0.8,0.1,.009
329,Tayshaun Prince,SF,28,DET,82,3057,15.0,.516,.477,.238,.138,4.9,13.7,9.2,13.8,0.8,1.3,8.2,19.2,110,110,3.7,2.5,6.2,.098
330,Gabe Pruitt,SG,22,BOS,47,366,7.6,.422,.376,.208,.475,3.1,10.8,7.1,15.5,2.2,0.7,14.7,16.5,93,103,-0.2,0.6,0.4,.047
331,Joel Przybilla,C,29,POR,82,1952,15.4,.652,.625,.628,.004,12.8,33.1,22.8,2.0,1.0,3.9,18.5,10.2,124,102,3.2,3.4,6.6,.163
332,Chris Quinn,PG,25,MIA,66,962,12.9,.539,.505,.201,.474,1.0,8.4,4.7,21.5,1.3,0.2,9.5,17.0,114,112,1.5,0.6,2.1,.104
333,Vladimir Radmanovic,SF,28,TOT,78,1445,11.0,.549,.533,.124,.562,3.8,14.3,9.1,8.9,1.7,0.8,16.6,18.6,100,106,0.0,1.8,1.9,.062
333,Vladimir Radmanovic,SF,28,LAL,46,771,11.6,.604,.584,.126,.636,2.7,14.3,8.6,6.9,1.8,0.7,17.2,15.6,107,106,0.5,1.0,1.6,.098
333,Vladimir Radmanovic,SF,28,CHA,32,674,10.2,.503,.490,.123,.500,5.0,14.2,9.6,11.2,1.5,1.0,16.1,22.2,94,107,-0.5,0.8,0.3,.021
334,Anthony Randolph,PF,19,GSW,63,1129,16.9,.506,.462,.327,.009,12.4,22.6,17.5,6.8,1.8,4.5,14.0,21.7,102,108,0.4,1.2,1.6,.069
335,Shavlik Randolph,PF,25,POR,10,37,19.4,.610,.654,.308,.077,33.0,27.3,30.2,0.0,0.0,2.1,28.9,26.4,98,107,0.0,0.0,0.0,.041
336,Zach Randolph,PF-C,27,TOT,50,1757,19.6,.531,.494,.279,.111,9.9,23.2,16.3,11.5,1.3,0.7,10.4,28.1,105,110,1.7,1.4,3.0,.083
336,Zach Randolph,C,27,NYK,11,388,19.8,.517,.452,.354,.127,10.9,28.3,19.3,6.6,1.7,0.6,9.5,27.1,106,107,0.4,0.5,0.9,.108
336,Zach Randolph,PF,27,LAC,39,1369,19.6,.535,.505,.259,.107,9.6,21.7,15.5,12.9,1.1,0.7,10.7,28.4,105,111,1.2,0.9,2.2,.076
337,Theo Ratliff,C,35,PHI,46,579,11.2,.560,.531,.547,.000,9.4,17.1,13.2,2.2,1.6,6.6,15.0,7.4,117,104,0.5,0.9,1.4,.115
338,Michael Redd,SG,29,MIL,33,1203,17.9,.566,.519,.294,.349,2.3,8.5,5.3,13.2,1.5,0.1,7.9,25.0,114,111,2.3,0.9,3.2,.128
339,J.J. Redick,SG,24,ORL,64,1111,9.9,.562,.503,.311,.599,0.8,10.0,5.5,10.3,1.0,0.1,13.7,16.4,107,106,0.8,1.5,2.3,.098
340,Jason Richardson,SG,28,TOT,72,2410,16.7,.571,.544,.204,.334,3.9,11.5,7.8,9.8,1.6,0.9,8.2,21.5,115,112,4.3,1.5,5.8,.116
340,Jason Richardson,SG,28,CHA,14,491,15.8,.536,.502,.250,.268,3.3,11.3,7.3,14.1,1.5,0.5,8.9,25.8,107,108,0.5,0.5,1.1,.104
340,Jason Richardson,SG,28,PHO,58,1919,16.9,.581,.556,.191,.353,4.1,11.5,7.9,8.7,1.6,1.0,8.0,20.4,117,113,3.8,0.9,4.7,.119
Rk,Player,Pos,Age,Tm,G,MP,PER,TS%,eFG%,FTr,3PAr,ORB%,DRB%,TRB%,AST%,STL%,BLK%,TOV%,USG%,ORtg,DRtg,OWS,DWS,WS,WS/48
341,Jeremy Richardson,SF,24,ORL,12,93,2.8,.358,.347,.122,.347,1.2,15.4,8.5,5.5,0.0,0.0,5.5,27.1,76,107,-0.3,0.1,-0.2,-0.107
342,Quentin Richardson,SG,28,NYK,72,1894,11.6,.510,.483,.175,.493,4.0,14.8,9.2,9.4,1.2,0.3,9.3,18.2,105,112,1.0,1.1,2.1,.054
343,Luke Ridnour,PG,27,MIL,72,2033,12.9,.500,.447,.246,.253,1.8,11.3,6.3,28.2,2.3,0.7,15.7,18.0,105,108,1.2,2.2,3.4,.081
344,Anthony Roberson,PG,25,TOT,29,276,11.4,.487,.475,.042,.675,2.4,6.6,4.4,11.3,1.8,0.3,6.1,20.6,103,113,0.1,0.1,0.2,.041
344,Anthony Roberson,PG,25,NYK,23,253,11.8,.509,.495,.049,.689,1.7,4.9,3.2,11.7,2.0,0.3,6.2,19.3,106,113,0.2,0.1,0.3,.057
344,Anthony Roberson,PG,25,CHI,6,23,8.0,.353,.353,.000,.588,10.0,24.8,17.4,7.7,0.0,0.0,5.6,34.9,81,110,-0.1,0.0,-0.1,-0.136
345,Nate Robinson,PG,24,NYK,74,2209,18.9,.549,.498,.288,.375,4.7,9.8,7.2,22.9,2.1,0.2,10.7,25.6,113,111,4.4,1.5,5.9,.128
346,Sergio Rodriguez,PG,22,POR,80,1225,12.5,.491,.448,.234,.347,4.3,9.0,6.6,35.6,2.4,0.1,24.7,18.5,103,109,0.5,1.2,1.7,.068
347,Rajon Rondo,PG,22,BOS,80,2642,18.8,.543,.514,.353,.063,4.8,13.9,9.6,39.7,3.0,0.3,19.2,19.2,114,101,4.8,5.1,9.9,.179
348,Derrick Rose,PG,20,CHI,81,3000,16.0,.516,.482,.207,.060,3.7,8.4,6.1,28.8,1.1,0.4,13.3,22.6,108,113,3.4,1.5,4.9,.078
349,Malik Rose,SF-PF,34,TOT,38,470,5.3,.424,.344,.389,.053,4.0,19.5,11.6,11.5,1.1,0.5,19.0,17.7,84,110,-0.8,0.4,-0.4,-0.039
349,Malik Rose,PF,34,NYK,18,160,-1.9,.327,.268,.268,.098,2.6,19.1,10.6,8.6,0.3,0.5,27.1,17.1,61,112,-0.6,0.1,-0.6,-0.167
349,Malik Rose,SF,34,OKC,20,310,9.0,.465,.378,.444,.033,4.8,19.7,12.1,13.0,1.5,0.5,15.0,18.1,96,109,-0.1,0.3,0.2,.027
350,Quinton Ross,SF,27,MEM,68,1164,6.9,.478,.446,.162,.340,3.0,10.4,6.6,6.3,1.5,1.0,11.5,12.6,98,112,-0.1,0.7,0.6,.025
351,Brandon Roy,SG,24,POR,78,2903,24.0,.573,.512,.383,.167,4.4,11.6,7.9,25.4,1.7,0.6,9.0,27.4,123,109,10.9,2.6,13.5,.223
352,Michael Ruffin,PF,32,POR,11,35,10.3,.381,.286,.286,.000,20.9,18.0,19.5,0.0,4.7,2.3,20.2,13.3,95,99,0.0,0.1,0.1,.080
353,Brandon Rush,SG,23,IND,75,1803,9.0,.505,.490,.115,.363,2.1,12.3,7.1,5.4,1.0,1.5,11.0,16.4,97,111,-0.4,1.3,0.9,.024
354,Kareem Rush,SG,28,PHI,25,199,6.3,.452,.431,.069,.569,0.0,9.1,4.5,11.5,1.3,0.4,14.3,16.0,92,111,-0.1,0.1,0.0,-0.003
355,John Salmons,SF,29,TOT,79,2959,16.0,.580,.530,.317,.276,2.3,10.8,6.5,14.5,1.4,0.6,11.7,21.3,113,115,4.7,0.8,5.6,.090
355,John Salmons,SF,29,SAC,53,1980,16.0,.573,.524,.312,.247,2.5,10.6,6.5,17.3,1.5,0.3,12.6,21.9,111,116,2.9,0.1,3.0,.072
355,John Salmons,SF,29,CHI,26,979,16.0,.596,.543,.330,.338,1.9,11.2,6.6,8.8,1.3,1.1,9.7,20.2,117,111,1.9,0.7,2.6,.127
356,Cheikh Samb,C,24,TOT,18,83,5.3,.214,.188,.219,.094,13.6,19.5,16.7,1.7,1.9,9.1,7.9,20.6,61,103,-0.4,0.1,-0.2,-0.144
356,Cheikh Samb,C,24,DEN,6,24,2.9,.154,.154,.000,.077,10.0,32.9,21.8,6.0,4.2,16.1,13.3,27.8,44,86,-0.2,0.1,-0.1,-0.246
356,Cheikh Samb,C,24,LAC,10,51,9.2,.302,.250,.313,.125,15.4,14.0,14.7,0.0,1.0,7.3,5.2,17.2,82,109,-0.1,0.0,0.0,-0.046
356,Cheikh Samb,C,24,NYK,2,8,-12.6,.000,.000,.667,.000,13.2,14.2,13.7,0.0,0.0,0.0,0.0,21.1,20,115,-0.1,0.0,-0.1,-0.458
357,Brian Scalabrine,C,30,BOS,39,504,7.4,.558,.526,.158,.535,1.8,9.9,6.0,5.3,0.7,1.6,9.0,12.4,112,106,0.4,0.7,1.1,.105
358,Luis Scola,PF,28,HOU,82,2488,17.0,.572,.531,.323,.004,9.8,23.4,16.9,8.6,1.5,0.3,11.9,19.3,114,102,4.3,4.3,8.6,.165
359,Thabo Sefolosha,SF-SG,24,TOT,66,1453,12.1,.500,.459,.204,.244,4.2,14.9,9.6,11.4,2.7,2.3,14.1,13.8,103,106,0.4,1.8,2.2,.074
359,Thabo Sefolosha,SF,24,CHI,43,735,11.7,.503,.475,.137,.275,4.1,15.0,9.6,13.1,2.5,1.9,16.1,14.0,102,107,0.1,0.9,1.0,.067
359,Thabo Sefolosha,SG,24,OKC,23,718,12.5,.497,.443,.274,.211,4.4,14.8,9.5,9.8,2.9,2.7,12.1,13.7,104,106,0.3,1.0,1.2,.081
360,Mouhamed Sene,C,22,TOT,6,29,32.9,.746,.667,1.111,.000,19.0,35.9,27.3,0.0,1.8,7.6,23.0,26.5,122,99,0.1,0.1,0.2,.274
360,Mouhamed Sene,C,22,OKC,5,23,33.2,.776,.714,1.286,.000,14.8,30.6,22.5,0.0,2.2,6.4,21.5,26.8,125,100,0.1,0.0,0.1,.292
360,Mouhamed Sene,C,22,NYK,1,6,32.0,.615,.500,.500,.000,35.3,56.6,45.6,0.0,0.0,12.2,29.1,25.0,109,95,0.0,0.0,0.0,.207
Rk,Player,Pos,Age,Tm,G,MP,PER,TS%,eFG%,FTr,3PAr,ORB%,DRB%,TRB%,AST%,STL%,BLK%,TOV%,USG%,ORtg,DRtg,OWS,DWS,WS,WS/48
361,Ramon Sessions,PG,22,MIL,79,2173,17.6,.525,.449,.457,.044,3.3,11.7,7.3,34.6,2.0,0.3,14.0,22.4,111,109,3.5,2.1,5.6,.123
362,Walter Sharpe,PF,22,DET,8,20,4.8,.337,.364,.182,.182,0.0,18.0,8.9,0.0,0.0,7.7,0.0,28.3,71,105,-0.1,0.0,-0.1,-0.131
363,Bobby Simmons,SF,28,NJN,71,1729,12.0,.596,.582,.132,.594,4.9,14.3,9.5,8.5,1.5,0.5,11.7,14.3,116,112,2.4,1.0,3.4,.095
364,Cedric Simmons,PF,23,TOT,18,84,10.8,.453,.440,.640,.000,6.9,15.1,11.0,3.9,0.6,3.5,5.9,18.1,97,111,0.0,0.1,0.0,.022
364,Cedric Simmons,PF,23,CHI,11,61,18.0,.515,.524,.667,.000,7.6,14.9,11.3,5.4,0.8,4.8,0.0,19.8,116,108,0.1,0.1,0.2,.139
364,Cedric Simmons,PF,23,SAC,7,23,-8.3,.102,.000,.500,.000,5.0,15.3,10.2,0.0,0.0,0.0,29.1,13.4,26,118,-0.1,0.0,-0.1,-0.288
365,Courtney Sims,C,25,TOT,2,13,12.8,.500,.500,.000,.000,16.3,17.4,16.8,0.0,0.0,0.0,14.3,23.5,95,114,0.0,0.0,0.0,-0.013
365,Courtney Sims,C,25,PHO,1,2,-26.0,,,,,0.0,0.0,0.0,0.0,0.0,0.0,100.0,22.0,0,121,0.0,0.0,0.0,-0.735
365,Courtney Sims,C,25,NYK,1,11,19.8,.500,.500,.000,.000,19.3,20.6,19.9,0.0,0.0,0.0,0.0,23.7,114,113,0.0,0.0,0.0,.118
366,Sean Singletary,PG,23,TOT,37,303,6.7,.478,.424,.247,.294,4.1,9.8,7.0,14.4,1.9,0.0,19.6,17.8,93,110,-0.2,0.2,0.0,.006
366,Sean Singletary,PG,23,PHO,13,122,8.5,.429,.378,.162,.270,5.0,10.1,7.7,13.0,2.5,0.0,11.2,16.1,99,112,0.0,0.1,0.1,.026
366,Sean Singletary,PG,23,CHA,24,181,5.5,.513,.458,.313,.313,3.4,9.5,6.5,15.3,1.5,0.0,24.8,18.9,90,109,-0.2,0.2,0.0,-0.007
367,James Singleton,PF,27,DAL,62,884,16.4,.615,.559,.353,.181,11.7,20.7,16.2,2.9,1.5,2.3,12.4,15.1,122,106,1.9,1.1,3.0,.163
368,Brian Skinner,PF,32,LAC,51,843,10.6,.474,.449,.229,.010,9.6,18.5,13.9,5.1,1.1,4.6,16.0,14.5,95,110,-0.3,0.7,0.4,.024
369,Craig Smith,PF,25,MIN,74,1460,16.9,.599,.562,.482,.002,7.6,15.5,11.4,9.7,1.1,1.0,14.4,22.5,112,112,2.3,0.8,3.1,.104
370,J.R. Smith,SG,23,DEN,81,2245,16.8,.576,.541,.286,.477,2.3,12.8,7.7,17.3,1.8,0.5,12.3,24.2,111,109,3.6,2.2,5.8,.124
371,Joe Smith,C,33,TOT,57,1102,13.8,.507,.473,.246,.021,9.5,18.3,13.9,6.0,0.8,2.7,6.3,16.2,112,107,1.4,1.4,2.7,.118
371,Joe Smith,C,33,OKC,36,691,13.2,.492,.459,.248,.018,8.7,18.6,13.6,5.9,0.7,2.8,5.8,16.4,109,109,0.6,0.6,1.3,.088
371,Joe Smith,C,33,CLE,21,411,14.8,.534,.500,.243,.026,10.8,17.8,14.5,6.2,0.9,2.7,7.3,15.8,118,102,0.7,0.7,1.4,.168
372,Josh Smith,PF,23,ATL,69,2421,17.2,.533,.508,.423,.102,6.5,17.6,12.1,12.1,2.1,3.5,13.8,22.6,103,104,1.3,3.6,4.9,.097
373,Will Solomon,PG,30,TOT,53,712,12.5,.506,.486,.139,.351,2.0,8.5,5.3,30.0,2.0,0.4,17.2,20.2,101,112,0.1,0.4,0.5,.033
373,Will Solomon,PG,30,TOR,39,544,12.5,.504,.478,.133,.315,2.0,7.3,4.6,36.1,1.9,0.6,20.4,20.4,100,112,0.0,0.3,0.4,.032
373,Will Solomon,PG,30,SAC,14,168,12.6,.512,.508,.156,.453,2.1,12.6,7.3,10.0,2.1,0.0,6.8,19.6,104,115,0.1,0.0,0.1,.037
374,Darius Songaila,C,30,WAS,77,1521,13.9,.570,.532,.197,.002,5.6,12.1,8.8,10.3,2.2,1.1,13.0,17.1,111,113,1.8,0.7,2.4,.076
375,Marreese Speights,C,21,PHI,79,1263,17.9,.543,.504,.263,.016,11.6,16.3,13.9,4.2,1.1,3.6,7.6,21.9,115,107,2.4,1.5,3.8,.146
376,Jerry Stackhouse,SG,34,DAL,10,162,3.4,.333,.292,.117,.317,3.6,8.4,6.0,10.7,1.3,0.5,12.5,20.4,75,112,-0.5,0.1,-0.4,-0.110
377,DeShawn Stevenson,SG,27,WAS,32,886,6.9,.410,.387,.260,.558,1.4,8.9,5.0,16.3,1.3,0.2,11.1,14.9,93,117,-0.6,0.0,-0.6,-0.032
378,Peja Stojakovic,SF,31,NOH,61,2089,12.5,.531,.500,.145,.534,2.6,12.7,7.6,6.0,1.4,0.1,6.3,18.8,108,109,1.9,1.9,3.8,.087
379,Amar'e Stoudemire,PF,26,PHO,53,1948,20.3,.617,.541,.517,.009,7.2,18.1,12.9,8.3,1.3,2.1,14.0,24.2,117,111,4.6,1.4,6.1,.149
380,Rodney Stuckey,PG,22,DET,79,2517,14.8,.508,.452,.318,.085,3.2,9.8,6.5,26.1,1.7,0.3,14.3,23.0,104,110,1.7,2.2,3.8,.073
Rk,Player,Pos,Age,Tm,G,MP,PER,TS%,eFG%,FTr,3PAr,ORB%,DRB%,TRB%,AST%,STL%,BLK%,TOV%,USG%,ORtg,DRtg,OWS,DWS,WS,WS/48
381,Robert Swift,C,23,OKC,26,343,11.5,.551,.521,.225,.000,6.9,23.2,14.9,4.0,0.7,3.7,9.3,11.1,115,107,0.3,0.4,0.7,.104
382,Stromile Swift,PF,29,TOT,19,185,6.8,.460,.438,.464,.018,10.4,18.6,14.6,2.4,1.1,3.3,19.2,20.3,87,110,-0.3,0.2,-0.1,-0.033
382,Stromile Swift,PF,29,NJN,6,64,6.6,.580,.600,.733,.000,9.2,15.1,12.1,2.6,0.0,2.6,26.1,19.6,91,113,-0.1,0.0,0.0,-0.026
382,Stromile Swift,PF,29,PHO,13,121,6.8,.410,.378,.366,.024,11.0,20.4,15.9,2.3,1.7,3.6,15.9,20.6,84,108,-0.2,0.1,-0.1,-0.037
383,Wally Szczerbiak,SF,31,CLE,74,1527,12.1,.581,.536,.266,.422,3.5,14.2,9.0,8.3,1.0,0.5,11.0,15.4,116,105,2.3,2.2,4.5,.140
384,Mike Taylor,PG,23,LAC,51,771,10.1,.477,.436,.303,.150,3.2,10.0,6.5,22.9,2.4,0.0,19.4,22.2,91,112,-0.9,0.4,-0.4,-0.028
385,Sebastian Telfair,PG,23,MIN,75,2095,10.8,.481,.435,.230,.303,1.7,5.5,3.5,26.1,1.8,0.4,16.0,19.6,100,114,0.0,0.8,0.8,.019
386,Jason Terry,SG,31,DAL,74,2491,19.3,.571,.535,.193,.390,1.8,6.3,4.1,17.6,2.0,0.6,8.6,25.5,115,111,5.4,1.9,7.3,.140
387,Etan Thomas,C,30,WAS,26,306,10.1,.525,.485,.348,.000,9.3,16.2,12.7,3.0,0.5,4.8,19.1,14.0,99,113,0.0,0.1,0.1,.018
388,Kenny Thomas,PF,31,SAC,8,62,8.8,.375,.375,.000,.000,7.5,20.9,14.1,2.3,4.9,1.2,11.1,6.5,94,105,0.0,0.1,0.1,.056
389,Kurt Thomas,PF,36,SAS,79,1404,14.0,.530,.503,.148,.007,11.5,22.7,17.2,7.2,1.3,3.1,11.5,12.6,115,101,1.8,2.7,4.5,.152
390,Tim Thomas,PF,31,TOT,64,1247,12.2,.555,.521,.276,.432,3.7,14.6,9.0,8.6,1.2,0.6,12.5,19.9,106,111,0.9,0.8,1.7,.065
390,Tim Thomas,PF,31,LAC,10,220,9.1,.453,.411,.378,.222,7.1,17.3,12.1,7.7,0.7,0.3,11.8,24.6,91,114,-0.3,0.1,-0.2,-0.038
390,Tim Thomas,PF,31,NYK,36,773,13.4,.600,.564,.260,.488,2.7,13.6,8.0,9.3,1.4,0.9,13.8,18.8,111,111,0.9,0.5,1.5,.091
390,Tim Thomas,PF,31,CHI,18,254,11.5,.531,.506,.222,.478,3.6,15.3,9.5,7.4,1.2,0.0,9.2,19.1,108,110,0.2,0.2,0.4,.078
391,Tyrus Thomas,PF,22,CHI,79,2175,15.9,.525,.453,.445,.013,7.8,18.9,13.4,5.5,2.2,5.1,13.6,19.4,104,104,1.2,3.4,4.6,.101
392,Jason Thompson,PF,22,SAC,82,2303,13.9,.540,.497,.399,.011,11.8,19.0,15.4,6.8,1.0,1.9,14.8,19.3,106,114,1.8,0.9,2.7,.057
393,Al Thornton,SF,25,LAC,71,2654,12.6,.502,.456,.298,.075,5.2,11.0,8.0,6.9,1.2,1.7,9.9,22.6,100,114,0.2,1.0,1.3,.023
394,Anthony Tolliver,PF,23,SAS,19,208,7.6,.375,.362,.154,.631,7.0,16.4,11.7,12.1,1.3,0.4,9.2,17.8,89,105,-0.3,0.3,0.0,.010
395,Alando Tucker,SG,24,PHO,30,282,13.0,.509,.463,.273,.190,8.2,4.8,6.4,6.4,0.9,0.3,9.4,23.3,106,117,0.2,0.0,0.2,.039
396,Ronny Turiaf,C,26,GSW,79,1696,14.5,.559,.508,.339,.008,5.7,17.4,11.6,13.9,1.0,6.9,14.3,12.4,116,110,2.2,1.4,3.6,.101
397,Hedo Turkoglu,SF,29,ORL,77,2815,14.8,.541,.478,.380,.367,1.8,14.2,8.2,22.5,1.2,0.5,14.6,23.0,107,104,3.0,4.4,7.3,.125
398,Ime Udoka,SF,31,SAS,67,1035,9.5,.470,.455,.160,.436,3.3,18.1,10.8,7.9,1.9,0.9,11.0,16.2,95,103,-0.5,1.7,1.3,.058
399,Beno Udrih,PG,26,SAC,73,2270,12.3,.525,.486,.216,.162,2.4,9.0,5.7,24.7,1.8,0.4,17.2,18.2,104,116,1.0,0.2,1.2,.026
400,Roko Ukic,PG,24,TOR,72,890,9.8,.430,.397,.185,.191,3.6,6.3,4.9,27.2,1.8,0.2,14.6,21.3,93,113,-0.8,0.4,-0.4,-0.019
Rk,Player,Pos,Age,Tm,G,MP,PER,TS%,eFG%,FTr,3PAr,ORB%,DRB%,TRB%,AST%,STL%,BLK%,TOV%,USG%,ORtg,DRtg,OWS,DWS,WS,WS/48
401,Anderson Varejao,PF,26,CLE,81,2306,14.6,.565,.536,.496,.004,8.9,20.6,15.0,5.4,1.8,2.3,11.5,14.2,116,100,3.3,4.7,8.0,.166
402,Jacque Vaughn,PG,33,SAS,30,292,7.6,.392,.327,.240,.013,1.7,7.3,4.5,27.6,1.1,0.0,15.3,16.2,93,108,-0.2,0.3,0.1,.020
403,Charlie Villanueva,PF,24,MIL,78,2095,18.6,.529,.488,.220,.237,8.3,21.6,14.7,12.4,1.2,2.2,10.4,28.5,106,106,2.2,2.7,4.9,.112
404,Jake Voskuhl,C,31,TOR,38,240,0.4,.342,.267,.311,.000,10.4,18.4,14.4,4.6,0.7,1.3,24.9,13.1,75,111,-0.5,0.2,-0.3,-0.064
405,Sasha Vujacic,SG,24,LAL,80,1293,12.6,.531,.488,.190,.556,1.7,10.0,5.9,12.2,3.0,0.4,7.5,16.0,115,104,1.8,1.9,3.7,.138
406,Dwyane Wade,SG,27,MIA,79,3048,30.4,.574,.516,.443,.160,3.5,12.2,7.8,40.3,3.0,2.8,11.6,36.2,115,105,10.3,4.4,14.7,.232
407,Von Wafer,SG,23,HOU,63,1225,14.7,.541,.510,.229,.320,1.9,8.6,5.4,10.3,1.7,0.5,9.5,23.6,106,106,1.1,1.6,2.6,.103
408,Bill Walker,SF,21,BOS,29,216,10.9,.646,.621,.397,.017,4.7,11.3,8.2,9.9,1.5,0.7,20.9,18.6,108,104,0.2,0.3,0.5,.117
409,Ben Wallace,PF,34,CLE,56,1314,12.2,.450,.445,.413,.000,12.8,19.7,16.4,4.7,2.0,4.5,15.7,7.8,111,98,0.8,2.9,3.8,.138
410,Gerald Wallace,SF,26,CHA,71,2669,18.6,.585,.504,.560,.162,5.2,20.3,12.8,12.4,2.5,2.1,12.8,20.5,115,102,4.9,4.6,9.5,.172
411,Rasheed Wallace,C,34,DET,66,2123,14.9,.520,.498,.140,.443,3.1,24.6,13.7,7.1,1.6,3.1,7.2,18.5,107,103,1.6,3.4,5.1,.114
412,Luke Walton,SF,28,LAL,65,1166,11.3,.491,.464,.186,.186,5.4,12.0,8.7,21.1,1.4,0.7,17.2,15.1,106,107,0.7,1.3,2.0,.083
413,Hakim Warrick,PF,26,MEM,82,2029,16.9,.554,.494,.540,.033,7.7,17.0,12.3,5.9,1.3,1.6,10.3,22.0,111,110,3.0,1.7,4.7,.111
414,C.J. Watson,PG,24,GSW,77,1883,14.2,.564,.500,.343,.214,2.3,8.8,5.5,16.2,2.5,0.1,12.5,16.8,114,114,2.7,0.6,3.3,.084
415,Earl Watson,PG,29,OKC,68,1776,9.5,.448,.406,.234,.188,2.3,9.7,5.9,33.4,1.4,0.5,23.8,16.3,93,112,-1.2,1.1,-0.2,-0.005
416,Kyle Weaver,SG,22,OKC,56,1166,10.2,.551,.524,.236,.378,3.0,9.9,6.4,13.1,2.1,1.6,20.3,12.9,101,110,0.2,1.0,1.2,.049
417,Martell Webster,SF,22,POR,1,5,-8.4,.000,.000,.000,1.000,0.0,0.0,0.0,0.0,0.0,0.0,0.0,9.4,0,117,0.0,0.0,0.0,-0.204
418,Sonny Weems,SG,22,DEN,12,55,-3.9,.333,.320,.320,.120,0.0,8.2,4.2,8.7,0.9,0.0,17.4,27.9,62,112,-0.3,0.0,-0.3,-0.255
419,David West,PF,28,NOH,76,2982,18.9,.540,.474,.321,.019,6.5,19.7,13.1,10.9,0.9,1.9,10.0,26.5,109,107,4.2,3.5,7.8,.125
420,Delonte West,SG,25,CLE,64,2152,14.1,.559,.530,.173,.365,1.8,9.2,5.6,16.6,2.4,0.5,12.0,16.7,114,104,3.0,3.4,6.4,.142
Rk,Player,Pos,Age,Tm,G,MP,PER,TS%,eFG%,FTr,3PAr,ORB%,DRB%,TRB%,AST%,STL%,BLK%,TOV%,USG%,ORtg,DRtg,OWS,DWS,WS,WS/48
421,Mario West,SG,24,ATL,53,269,10.0,.456,.426,.882,.029,10.5,13.9,12.2,10.1,3.6,1.1,21.6,10.5,101,104,0.0,0.4,0.4,.080
422,Russell Westbrook,PG,20,OKC,82,2668,15.2,.489,.414,.391,.118,7.6,9.7,8.6,27.5,2.1,0.4,17.6,25.8,99,111,-0.1,2.0,1.9,.035
423,D.J. White,PF,22,OKC,7,130,19.8,.556,.520,.260,.000,8.7,19.8,14.2,8.3,1.2,2.8,5.1,20.0,119,108,0.3,0.1,0.4,.157
424,James White,SF,26,HOU,4,11,14.6,.700,.700,.000,.400,0.0,0.0,0.0,19.2,4.8,6.6,37.5,33.8,80,97,0.0,0.0,0.0,-0.066
425,Chris Wilcox,C,26,TOT,62,1049,13.3,.518,.497,.378,.011,10.2,20.0,15.0,7.6,1.3,1.1,14.8,21.3,100,109,0.1,1.0,1.1,.048
425,Chris Wilcox,C,26,OKC,37,719,13.4,.509,.485,.325,.011,10.2,21.2,15.6,8.0,1.3,1.1,15.2,22.2,98,109,-0.1,0.7,0.6,.039
425,Chris Wilcox,C,26,NYK,25,330,13.2,.539,.529,.520,.010,10.0,17.5,13.6,6.7,1.2,1.1,13.8,19.2,105,110,0.2,0.3,0.5,.070
426,Damien Wilkins,SG,29,OKC,41,636,8.3,.467,.425,.216,.338,3.6,9.2,6.3,9.1,1.8,0.8,13.7,18.8,94,111,-0.4,0.4,0.0,.002
427,Deron Williams,PG,24,UTA,68,2505,21.1,.573,.506,.390,.230,1.1,8.1,4.6,47.8,1.5,0.6,16.5,24.7,116,111,6.5,1.9,8.4,.160
428,Jawad Williams,SF,25,CLE,10,20,14.1,.500,.500,.000,.500,6.2,5.7,6.0,0.0,2.7,0.0,7.7,30.7,96,104,0.0,0.0,0.0,.045
429,Louis Williams,SG,22,PHI,81,1919,16.3,.513,.435,.456,.261,2.2,8.1,5.2,21.6,2.4,0.6,13.0,27.7,105,109,1.6,1.7,3.4,.085
430,Marcus Williams,PF,22,SAS,2,3,53.0,1.000,1.000,.000,.000,0.0,0.0,0.0,0.0,0.0,0.0,0.0,32.3,200,112,0.0,0.0,0.0,.517
431,Marcus Williams,PG,23,GSW,9,54,3.7,.305,.294,.353,.353,0.0,8.1,4.0,32.6,0.9,1.3,16.9,18.7,78,117,-0.1,0.0,-0.1,-0.127
432,Marvin Williams,SF,22,ATL,61,2093,16.0,.569,.502,.439,.249,6.2,15.2,10.7,6.3,1.5,1.4,8.6,18.2,117,108,3.9,2.2,6.1,.140
433,Mo Williams,PG,26,CLE,81,2834,17.2,.588,.548,.202,.373,2.1,9.4,5.9,20.1,1.3,0.3,12.7,23.4,115,106,6.1,3.7,9.8,.165
434,Sean Williams,PF,22,NJN,33,366,8.8,.465,.417,.444,.000,10.9,14.8,12.9,5.4,1.0,6.5,18.9,13.6,96,108,-0.1,0.4,0.3,.036
435,Shawne Williams,SF,22,DAL,15,170,7.5,.345,.295,.196,.304,13.0,18.1,15.5,1.7,0.6,3.9,7.6,17.8,87,108,-0.2,0.2,0.0,-0.012
436,Shelden Williams,PF,25,TOT,45,512,13.7,.503,.446,.401,.013,10.9,24.3,17.5,3.8,2.2,2.7,15.5,19.2,99,108,0.0,0.5,0.5,.048
436,Shelden Williams,PF,25,SAC,30,305,12.2,.521,.449,.472,.022,9.5,20.4,14.9,4.2,2.0,2.4,19.5,19.6,96,111,-0.1,0.2,0.1,.014
436,Shelden Williams,PF,25,MIN,15,207,16.0,.479,.441,.309,.000,13.1,30.0,21.2,3.2,2.5,3.0,9.4,18.6,104,104,0.1,0.3,0.4,.098
437,Metta World Peace,SF,29,HOU,69,2452,15.6,.512,.475,.253,.369,3.2,13.4,8.5,16.2,2.3,0.7,10.8,24.5,104,103,1.6,4.0,5.5,.108
438,Antoine Wright,SF,24,DAL,65,1552,8.6,.501,.468,.220,.346,2.3,7.7,5.0,7.4,1.6,1.3,10.3,15.6,102,111,0.3,1.2,1.4,.044
439,Brandan Wright,PF,21,GSW,39,688,18.7,.570,.528,.346,.016,9.8,15.0,12.4,4.9,1.6,3.7,7.5,19.0,118,112,1.4,0.4,1.9,.131
440,Dorell Wright,SF,23,MIA,6,73,3.7,.398,.400,.300,.000,3.3,29.8,16.4,4.2,1.5,0.0,20.9,18.4,70,105,-0.2,0.1,-0.1,-0.086
Rk,Player,Pos,Age,Tm,G,MP,PER,TS%,eFG%,FTr,3PAr,ORB%,DRB%,TRB%,AST%,STL%,BLK%,TOV%,USG%,ORtg,DRtg,OWS,DWS,WS,WS/48
441,Julian Wright,SF,21,NOH,54,772,12.6,.479,.470,.128,.090,7.2,16.6,11.9,9.4,2.5,2.1,14.8,18.1,95,104,-0.4,1.2,0.8,.048
442,Lorenzen Wright,C,33,CLE,17,125,4.0,.377,.370,.296,.000,6.9,16.5,11.9,3.5,1.7,3.2,22.8,14.9,73,101,-0.3,0.2,-0.1,-0.022
443,Nick Young,SG,23,WAS,82,1837,13.1,.530,.481,.255,.217,1.9,7.8,4.8,9.0,1.1,0.9,9.9,23.1,105,117,1.2,-0.1,1.2,.030
444,Thaddeus Young,PF,20,PHI,75,2580,15.3,.549,.524,.197,.171,6.4,11.1,8.8,5.8,2.1,0.7,10.2,20.5,110,109,3.0,2.5,5.5,.102
445,Sun Yue,SG,23,LAL,10,28,-8.6,.273,.273,.000,.545,0.0,0.0,0.0,9.8,1.8,2.8,21.4,22.0,53,108,-0.2,0.0,-0.1,-0.226